"id:ID","version","version_label","identifier","semantic_version","uuid"
"1234","1","2022-06-24","CT","1.0.0","99cbf703-d291-497d-85af-5d5c088f927d"
"1235","1","2022-06-24","ADAM CT","1.0.0","f4a10f00-9a21-499a-ad73-4e6be1e2b9de"
"1236","1","2022-06-24","C187458","1.0.0","c641128a-b3ee-4c76-8813-871dfc7e830b"
"1237","1","2022-06-24","C187457","1.0.0","bedf5ad3-3311-4271-b967-38c777c966ad"
"1238","1","2022-06-24","C81223","1.0.0","9c60a869-c991-4af7-81aa-3c9efe955c42"
"1239","1","2022-06-24","C81224","1.0.0","df98346e-b32d-4a5e-8b25-b13a7675cc95"
"1240","1","2022-06-24","C172334","1.0.0","59b94efd-67a7-439b-8413-c57fad616d19"
"1241","1","2022-06-24","C172335","1.0.0","d4760568-bfef-4d5e-8a8e-1b1e27e29c2a"
"1242","1","2022-06-24","C158114","1.0.0","41f41275-6f56-46e6-891a-64ebf4fe7b4c"
"1243","1","2022-06-24","C158115","1.0.0","6ec48189-5bc6-4222-9a59-a3c9dfd3d584"
"1244","1","2022-06-24","C187456","1.0.0","d1b9a3bd-606d-46ae-a24a-0075543398c5"
"1245","1","2022-06-24","C187455","1.0.0","ae5f050d-4f69-42e1-b542-b847433ec83c"
"1246","1","2022-06-24","C81225","1.0.0","1514b0e7-0d66-41bc-b52f-015f7a6f3e4d"
"1247","1","2022-06-24","C165644","1.0.0","e8723298-3c2c-4dec-9f9d-52d7299acefc"
"1248","1","2022-06-24","C124296","1.0.0","9f4ed0d2-94b3-4f4a-b8a0-992816551913"
"1249","1","2022-06-24","C81226","1.0.0","6e133a2a-1117-460c-86e2-b22cd1514ccd"
"1250","1","2022-06-24","CDASH CT","1.0.0","e7809871-e3f8-4f2a-bd7b-fcefe61ae884"
"1251","1","2022-06-24","C78418","1.0.0","53dc4327-b3bc-4667-bdbe-83e1ad4d56d8"
"1252","1","2022-06-24","C78417","1.0.0","66c932ca-b1a6-43c5-bde4-b92dc300b141"
"1253","1","2022-06-24","C78419","1.0.0","ef37c1dc-9e6e-4b97-87c0-d0c43ffd74c1"
"1254","1","2022-06-24","C78420","1.0.0","1c19e5a3-7b41-40e6-a2c8-91ebbc50e8ce"
"1255","1","2022-06-24","C78422","1.0.0","a16b9409-4e88-4200-809d-89664191f04f"
"1256","1","2022-06-24","C128690","1.0.0","99946f17-8b83-4615-9ba8-b9940c21fad3"
"1257","1","2022-06-24","C78426","1.0.0","0e86a0d6-c8b2-42ec-90ce-ac25d179ded3"
"1258","1","2022-06-24","C78745","1.0.0","341c37fe-b352-4d97-9f92-efb71ad515b7"
"1259","1","2022-06-24","C78425","1.0.0","06b0997e-6115-41a5-9e5e-755d22341c53"
"1260","1","2022-06-24","C181165","1.0.0","73cfb2d0-605f-4d8e-a2d2-0b95db27961b"
"1261","1","2022-06-24","C128689","1.0.0","4ada2d78-3944-4c80-a410-27fd66385b5e"
"1262","1","2022-06-24","C177909","1.0.0","ad742bf6-aa21-4e1c-a9bd-59f1172611ba"
"1263","1","2022-06-24","C181164","1.0.0","68305281-5096-4a44-890e-18d3755c7caa"
"1264","1","2022-06-24","C181163","1.0.0","967ddc61-5afe-4151-a3cd-3c8da25cc173"
"1265","1","2022-06-24","C83004","1.0.0","74167a85-6192-4b6e-89cf-33b8933aa1e1"
"1266","1","2022-06-24","C78428","1.0.0","65b7f5c1-419a-433e-833e-e6a3e6d129c6"
"1267","1","2022-06-24","C78427","1.0.0","fb7d9128-ba92-4e8a-b4ac-5310eca54000"
"1268","1","2022-06-24","C78421","1.0.0","9fcc5cc2-140d-458a-98a8-703cb4aca769"
"1269","1","2022-06-24","C78429","1.0.0","da2b1310-3f72-4cdf-b78e-882a2a14c207"
"1270","1","2022-06-24","C78423","1.0.0","e9e149bc-3b12-40df-8cdc-a40654fd2b50"
"1271","1","2022-06-24","C78430","1.0.0","9b61d43f-8d12-4530-913f-17223e33222a"
"1272","1","2022-06-24","C78431","1.0.0","b17c995b-32ce-4fe3-91d3-ef05bc895699"
"1273","1","2021-12-17","DEFINE-XML CT","1.0.0","a7a1349a-5f6f-42f6-80c7-5d8d4588d084"
"1274","1","2021-12-17","C165635","1.0.0","4270813a-56e3-4ef0-b1f6-e06177118dfd"
"1275","1","2021-12-17","C177903","1.0.0","34ce4b41-cb90-4e84-ab38-539cfa361c24"
"1276","1","2021-12-17","C176227","1.0.0","ad810d53-8461-4483-bff0-f9e15d204f80"
"1277","1","2021-12-17","C117745","1.0.0","1e389714-ed6b-498b-8da7-161c9e4f400e"
"1278","1","2021-12-17","C117744","1.0.0","3fb58ec6-a5b6-49cb-9c91-b9e37ef44d2e"
"1279","1","2021-12-17","C172331","1.0.0","66e69706-eb4a-4de9-b1af-7af49bfaee6b"
"1280","1","2021-12-17","C66788","1.0.0","7c04a1be-158b-4102-87ac-5fa0a20ffe96"
"1281","1","2021-12-17","C103329","1.0.0","93ca378a-a7c3-4965-a92c-08f0eb1c94a6"
"1282","1","2021-12-17","C170448","1.0.0","59d6de97-0f96-4ea4-971e-ac230d0445ec"
"1283","1","2021-12-17","C170450","1.0.0","e8e2a9b7-a296-43e5-aeb0-6090ac0d3af6"
"1284","1","2021-12-17","C170449","1.0.0","c157c288-0a57-47ce-8e41-669490c9184b"
"1285","1","2021-12-17","C170452","1.0.0","376b719a-63fa-4c21-b929-c75aae865a49"
"1286","1","2021-12-17","C172332","1.0.0","1bede59d-d6b1-4e49-b348-7f2d64d7deb3"
"1287","1","2021-12-17","C170451","1.0.0","db1e0043-a6da-428f-9c70-cb7064b05977"
"1288","1","2021-12-17","GLOSSARY CT","1.0.0","7e4aab8d-7836-4f30-b7c1-26259802e5ee"
"1289","1","2021-12-17","C67497","1.0.0","2c46a008-8b5a-430a-9ec1-530b0caa9305"
"1290","1","2022-06-24","PROTOCOL CT","1.0.0","de16c09f-6c47-4dc2-91d2-0851130c988e"
"1291","1","2022-06-24","C179587","1.0.0","42661d51-c66e-4690-9748-2cef96f98233"
"1292","1","2022-06-24","C142191","1.0.0","bd639224-3030-4712-a59d-9c4198a0c9a2"
"1293","1","2022-06-24","C139020","1.0.0","69dce241-1b0d-4840-844c-216efa49243d"
"1294","1","2022-06-24","C170440","1.0.0","b0b87bda-8550-4b98-a999-98af02081f1f"
"1295","1","2022-06-24","C170441","1.0.0","91c42bc1-941b-4187-966f-a4da1f23e78b"
"1296","1","2022-06-24","C187682","1.0.0","b0924afd-da9c-4b38-a39d-48016149481a"
"1297","1","2022-06-24","C187683","1.0.0","e9686a41-a07e-447b-8d65-0499ffbaca4b"
"1298","1","2022-06-24","C184334","1.0.0","52249776-d12c-4513-851b-a05ba37836aa"
"1299","1","2022-06-24","C177906","1.0.0","57c88bbb-a339-4c5a-b074-7ee15c778ea7"
"1300","1","2022-06-24","C177907","1.0.0","3afafda1-15d9-4357-96a1-9cd054b68c68"
"1301","1","2022-06-24","C177905","1.0.0","a2d908f4-e839-45ea-9e55-4b64fcabd5c4"
"1302","1","2022-06-24","C99076","1.0.0","78be25ad-e734-47f8-8262-41a855b8cd5b"
"1303","1","2022-06-24","C99078","1.0.0","799fbfa7-a666-4314-b599-03a3f35be874"
"1304","1","2022-06-24","C66742","1.0.0","d0d89641-04d7-48af-8d7d-c7072798750e"
"1305","1","2022-06-24","C127259","1.0.0","463db2c8-4ac8-47db-9b9c-65d7fadf67c0"
"1306","1","2022-06-24","C165641","1.0.0","c6051d59-e588-412c-9c14-9426d73fe92d"
"1307","1","2022-06-24","C170442","1.0.0","1eeaa534-1094-4224-89bd-642d4d5813dc"
"1308","1","2022-06-24","C165642","1.0.0","b528f202-c149-46e8-98e9-48e0b80ea4d4"
"1309","1","2022-06-24","C147068","1.0.0","cc3e784a-3645-484d-9961-cd48f15cd801"
"1310","1","2022-06-24","C132308","1.0.0","438a9b37-974e-424e-bfb7-858203a12eb7"
"1311","1","2022-06-24","C181167","1.0.0","92d061d0-f85e-43ca-b061-697fedbda1c7"
"1312","1","2022-06-24","C154681","1.0.0","80d63c91-5ab7-48e9-b8c1-d2a31e7b5cc8"
"1313","1","2022-06-24","C132310","1.0.0","5a811c2f-cd34-4c95-9758-6c5f9d6b5c55"
"1314","1","2022-06-24","C181168","1.0.0","f4e7f559-4179-4fb7-a5b6-61c015de7409"
"1315","1","2022-06-24","C147069","1.0.0","3669b1e2-7fbd-40de-b385-93f7bf469308"
"1316","1","2022-06-24","C184333","1.0.0","61f0b76c-566a-4dff-bc3d-bb73be44cd0f"
"1317","1","2022-06-24","C172329","1.0.0","917eb3a6-d901-4f5b-9fdd-efc7d835e892"
"1318","1","2022-06-24","C174222","1.0.0","cbf0dbff-5fe8-4686-b6c5-e8d9beb2418d"
"1319","1","2022-06-24","C154682","1.0.0","8669b691-2973-4154-8efe-61d49280c7c7"
"1320","1","2022-06-24","C147066","1.0.0","a0f2413e-abe0-4668-aa55-9f9ef548a6d1"
"1321","1","2022-06-24","C163026","1.0.0","e36c519f-c534-46fb-b8bb-90df8ed735c2"
"1322","1","2022-06-24","C165640","1.0.0","34c949c1-8646-4c84-be31-f97e6514f514"
"1323","1","2022-06-24","C160921","1.0.0","8869afb4-2818-48b1-ae0c-c885c1112fc2"
"1324","1","2022-06-24","C177904","1.0.0","164811b4-73ca-42be-832d-531c238dcaa2"
"1325","1","2022-06-24","C174220","1.0.0","a94105cd-d22f-4f9d-9b3d-0ead23861184"
"1326","1","2022-06-24","C174221","1.0.0","fc8d434b-6c2c-461c-a3dc-8bf6fc4b7c25"
"1327","1","2022-06-24","C132309","1.0.0","0cf28511-da56-41c6-9770-8e96a8377a79"
"1328","1","2022-06-24","C147067","1.0.0","994a4459-c06f-4ca4-9f17-7ab3edbefcba"
"1329","1","2022-06-24","C185851","1.0.0","62665841-ad1d-481c-9b01-9014ffb05fd2"
"1330","1","2022-06-24","C99077","1.0.0","acdfe751-fcf4-450e-b0d1-bf369458598e"
"1331","1","2022-06-24","C185850","1.0.0","c53e2d9a-61b9-46cc-913c-791e560c4074"
"1332","1","2022-06-24","C66736","1.0.0","19fc13f5-fac7-43d8-ae1f-6c95564a9c94"
"1333","1","2022-06-24","C66737","1.0.0","bfb0f249-30d3-483f-91c6-33ab0323ede4"
"1334","1","2022-06-24","C66739","1.0.0","7490a01a-6a67-4d0b-965a-0fd507ff3102"
"1335","1","2022-06-24","SDTM CT","1.0.0","a467a646-bc1b-495b-abb1-8ce5512af5c2"
"1336","1","2022-06-24","C141657","1.0.0","5747a689-aa8c-4db8-9c56-61d5f8c8d624"
"1337","1","2022-06-24","C141656","1.0.0","42971bba-a11a-4a11-af54-41ae36073b69"
"1338","1","2022-06-24","C141663","1.0.0","c1cec235-e742-41e1-823e-84aeba7eaea6"
"1339","1","2022-06-24","C141662","1.0.0","f841d4f7-afd8-4b23-9868-f82e1c09dbb8"
"1340","1","2022-06-24","C141661","1.0.0","25af573a-b4e7-40a3-ab23-e513403179f2"
"1341","1","2022-06-24","C141660","1.0.0","02fbb6d8-02bb-418f-8dd6-e790b0cfe610"
"1342","1","2022-06-24","C115388","1.0.0","2b18376c-7ec9-4bbb-88e5-1ff29436abca"
"1343","1","2022-06-24","C115387","1.0.0","d4696f96-8a66-414e-a408-607849f6fa6f"
"1344","1","2022-06-24","C182464","1.0.0","3a7fff30-5741-4857-aaaf-1722f982f2d3"
"1345","1","2022-06-24","C182465","1.0.0","3aecf649-4cac-4369-bd75-ccd4da6f1576"
"1346","1","2022-06-24","C182466","1.0.0","66c7b3bf-8dc1-40b9-a895-6f280bf5a881"
"1347","1","2022-06-24","C182467","1.0.0","4876a90c-2870-4469-b289-d8574c4f203b"
"1348","1","2022-06-24","C182502","1.0.0","ec241525-022e-45ca-81bd-2f5354fc000a"
"1349","1","2022-06-24","C182503","1.0.0","0c67797c-652a-4691-847e-5bc90858c82b"
"1350","1","2022-06-24","C182504","1.0.0","f9bcaff4-f0fb-47ef-bf02-f1b1aba0ff43"
"1351","1","2022-06-24","C182505","1.0.0","0e77bb38-f78f-467a-96a3-dfc719f44120"
"1352","1","2022-06-24","C101805","1.0.0","663472f4-1d77-4787-b368-3f56d099e026"
"1353","1","2022-06-24","C101806","1.0.0","01ea4d58-89dc-4066-9e4e-3661b6a88af9"
"1354","1","2022-06-24","C66767","1.0.0","46f34a25-6c17-48f5-aee6-1cb328fd2c94"
"1355","1","2022-06-24","C101865","1.0.0","f67cc6f9-cae8-4514-94a2-1daa08a3a64a"
"1356","1","2022-06-24","C182484","1.0.0","f1003df5-1981-465f-b1ed-ca96b9f0836e"
"1357","1","2022-06-24","C182485","1.0.0","60e0d471-ccb1-4668-8484-aaed256eaf16"
"1358","1","2022-06-24","C182486","1.0.0","7929deec-b6e5-40b4-9cd6-42f155a16a7a"
"1359","1","2022-06-24","C182487","1.0.0","eff7e56b-84e1-4e98-8b87-b038e7a4c5c4"
"1360","1","2022-06-24","C182488","1.0.0","d182dda0-77c6-4cd0-bd78-0bd3fb674611"
"1361","1","2022-06-24","C182489","1.0.0","ec73d394-c794-4728-bbd0-7a00514682ec"
"1362","1","2022-06-24","C182490","1.0.0","1351b4d5-a5b5-4284-99dd-c051ffcaa4a2"
"1363","1","2022-06-24","C182491","1.0.0","e735d819-0af7-4295-9036-5e67426a82b6"
"1364","1","2022-06-24","C182492","1.0.0","6c6270dc-fb17-45a1-9ed3-af2d8f64d267"
"1365","1","2022-06-24","C182493","1.0.0","9a694da8-26bb-4b58-a8b0-31aaa97d5140"
"1366","1","2022-06-24","C182494","1.0.0","379bfb64-52ea-4f5e-a602-cf5d523cfdf9"
"1367","1","2022-06-24","C182495","1.0.0","9ddfb899-8a61-43fd-9ba8-631ec6a33644"
"1368","1","2022-06-24","C182496","1.0.0","4a81f9d6-a636-4650-8aa3-438dd94d94f4"
"1369","1","2022-06-24","C182497","1.0.0","aa3d258a-5ed7-4fba-a680-675f8de6d002"
"1370","1","2022-06-24","C182498","1.0.0","403d8fdf-d96a-4b05-9643-91ed80bd8899"
"1371","1","2022-06-24","C182522","1.0.0","75e518fb-8d90-4079-bfb0-a2377d1d846f"
"1372","1","2022-06-24","C182523","1.0.0","b680a280-1481-4eec-bca5-dd34bbdfb244"
"1373","1","2022-06-24","C182524","1.0.0","e32617ba-af6a-4102-bb90-e40f52d02eed"
"1374","1","2022-06-24","C182525","1.0.0","a6d402db-fc65-482c-995e-42f9dc116e27"
"1375","1","2022-06-24","C182526","1.0.0","f0449983-bd92-4a62-b6d2-7ea2c7a9f8c3"
"1376","1","2022-06-24","C182527","1.0.0","0ab21dc2-9ac7-498d-89e9-6d4e02bbb72a"
"1377","1","2022-06-24","C182528","1.0.0","cf85863c-8aab-4286-853b-5914bbee5f02"
"1378","1","2022-06-24","C182529","1.0.0","2dd63054-1f19-4174-a60b-021c568564e9"
"1379","1","2022-06-24","C182530","1.0.0","994f01ae-3590-472d-9ae3-6cdd02deab52"
"1380","1","2022-06-24","C182531","1.0.0","16ffb873-0288-4f02-90e4-4ad5afac56dd"
"1381","1","2022-06-24","C182532","1.0.0","a14b182d-ce70-4f57-9ab9-95ef208bd88f"
"1382","1","2022-06-24","C182533","1.0.0","3414031f-8e5f-4b34-a61e-dd7b44ce61e2"
"1383","1","2022-06-24","C182534","1.0.0","77b21a29-99fd-417f-9d54-7d4c56d1b7b5"
"1384","1","2022-06-24","C182535","1.0.0","c51c1a3a-f7b5-4e95-8708-82c0770606ee"
"1385","1","2022-06-24","C182536","1.0.0","3c2ae1ba-0582-4fdf-8cee-05129a80d841"
"1386","1","2022-06-24","C120985","1.0.0","d255d58b-5380-4682-a910-9ca2fcac13d6"
"1387","1","2022-06-24","C120984","1.0.0","ca4af2f1-79de-4e4f-84a8-6572afc3c675"
"1388","1","2022-06-24","C132311","1.0.0","e94d3cf6-b5cc-450b-9474-d41a7e911c35"
"1389","1","2022-06-24","C101807","1.0.0","cc5aaec3-7629-469b-bf3b-a2cd558dba19"
"1390","1","2022-06-24","C101808","1.0.0","04ae9e04-bf8a-44f4-b4f7-cd80c4469922"
"1391","1","2022-06-24","C66781","1.0.0","f2198124-f308-4b24-baec-5922d3b8ebeb"
"1392","1","2022-06-24","C112435","1.0.0","67fe0ac4-d15c-4212-b5c7-d4457722dbe0"
"1393","1","2022-06-24","C112434","1.0.0","641743ec-2cef-4e86-afa7-2ef950924d99"
"1394","1","2022-06-24","C141655","1.0.0","db987092-081e-464b-a52b-9b0bf0ab44bc"
"1395","1","2022-06-24","C141654","1.0.0","93ebb1e2-43e3-4353-8d48-04cc5adc783d"
"1396","1","2022-06-24","C135012","1.0.0","5d3be708-0db0-4c51-bc57-9f7b0125f903"
"1397","1","2022-06-24","C119062","1.0.0","a2f0e532-4cd1-4770-afd9-f2038cfbad30"
"1398","1","2022-06-24","C119061","1.0.0","44feb915-ab70-4044-824e-8331370087c1"
"1399","1","2022-06-24","C119060","1.0.0","d856d5ca-4619-487c-822e-cceee1af879a"
"1400","1","2022-06-24","C119059","1.0.0","3ddc4b26-8cba-449c-8214-db8900606ebc"
"1401","1","2022-06-24","C161623","1.0.0","ba63d0ee-db83-4e01-af39-f4d87b2b49b0"
"1402","1","2022-06-24","C161622","1.0.0","10bfeb6d-409a-4bb0-9c97-7036e74fc7bd"
"1403","1","2022-06-24","C100132","1.0.0","2343a363-cb3d-48a3-801e-55ee40a04f86"
"1404","1","2022-06-24","C100131","1.0.0","6d9528c3-10be-4dbe-903d-df158f4a1db2"
"1405","1","2022-06-24","C106651","1.0.0","f6174dab-f39c-45f6-8dce-5687f7b8852f"
"1406","1","2022-06-24","C106650","1.0.0","6432fa96-674c-4fa3-b02f-7cd2c1352624"
"1407","1","2022-06-24","C105140","1.0.0","db380ba7-f95f-4926-83ed-f0909c00426d"
"1408","1","2022-06-24","C105139","1.0.0","2881234e-4004-49b4-b4ee-bbf1721c5867"
"1409","1","2022-06-24","C106653","1.0.0","025291a6-1cd4-4f08-88a7-960d22dd2fb2"
"1410","1","2022-06-24","C106652","1.0.0","e4780d65-68e9-48ad-81fd-897348bd271b"
"1411","1","2022-06-24","C103459","1.0.0","9f7494b5-a6e0-4d58-87df-de12f58b1f9d"
"1412","1","2022-06-24","C103458","1.0.0","9ca97fe5-e74b-4f63-acc4-df2b1e9596a4"
"1413","1","2022-06-24","C74456","1.0.0","e4fe3b13-66c8-4e67-99cb-5d0ee4483d7b"
"1414","1","2022-06-24","C120521","1.0.0","7c8e3321-1ab3-4bd9-9cae-4774f56b302a"
"1415","1","2022-06-24","C176047","1.0.0","4da0edc7-ba10-4ab6-8a70-34a55c8a6a88"
"1416","1","2022-06-24","C176046","1.0.0","484583c3-5e4d-4034-b710-1945a4401111"
"1417","1","2022-06-24","C125741","1.0.0","18d1c994-4e0d-4a91-8b4f-90f51b68a5c4"
"1418","1","2022-06-24","C125740","1.0.0","79685ab7-85d6-44b5-8f87-858246cec83e"
"1419","1","2022-06-24","C125743","1.0.0","4c7edb3b-a536-42bc-a604-75d247045153"
"1420","1","2022-06-24","C125742","1.0.0","187cb26a-dad6-4b38-9ff4-266a35cf828e"
"1421","1","2022-06-24","C142179","1.0.0","ec2c20a3-3a0e-4e67-b272-9d640d8ca267"
"1422","1","2022-06-24","C124668","1.0.0","bbbe0541-23b8-4f1b-a3c3-344c9bfe489b"
"1423","1","2022-06-24","C124667","1.0.0","946abfc5-8374-47e6-af23-681a425b3528"
"1424","1","2022-06-24","C163385","1.0.0","85ccc09b-b065-40b7-b6ac-432272b1aede"
"1425","1","2022-06-24","C163384","1.0.0","f5e2b7a9-3598-45bd-8627-800b5dbe47c3"
"1426","1","2022-06-24","C132313","1.0.0","f8a300fd-aec3-4909-8f1e-01d802869e33"
"1427","1","2022-06-24","C132312","1.0.0","eb046a94-2b82-4928-9803-2091fd1c4514"
"1428","1","2022-06-24","C163387","1.0.0","de8641b9-63fb-49fc-97a5-0bc92d3a0bef"
"1429","1","2022-06-24","C163386","1.0.0","4b3bdd2e-f0cc-49bb-baf1-be06dfe7a5af"
"1430","1","2022-06-24","C124666","1.0.0","0b1b7382-d694-43c7-b122-759aee78f4c5"
"1431","1","2022-06-24","C124665","1.0.0","6b5f184e-f152-4d43-b2ac-530db41bd975"
"1432","1","2022-06-24","C182470","1.0.0","905c2eae-3299-4e79-adf0-810b967416c5"
"1433","1","2022-06-24","C182471","1.0.0","f8550a73-d81f-42e7-b295-e329b76bf957"
"1434","1","2022-06-24","C182472","1.0.0","906a3f15-0272-4041-8472-40bfc93ce1b2"
"1435","1","2022-06-24","C182473","1.0.0","377d612c-ea6d-40ee-ab82-204a30b9ec4f"
"1436","1","2022-06-24","C182474","1.0.0","15cd5c8f-c4eb-4d36-a2a6-d459ce3ae31d"
"1437","1","2022-06-24","C182508","1.0.0","223bdc62-55ea-49e4-b282-e40f2a20a1f0"
"1438","1","2022-06-24","C182509","1.0.0","b0123e86-9b85-4852-9cc6-d88e2dcca2e9"
"1439","1","2022-06-24","C182510","1.0.0","094bbcf6-64c3-4b53-8bf3-e5137af9b6ea"
"1440","1","2022-06-24","C182511","1.0.0","388e0bee-2b16-400d-bc30-7072105e5935"
"1441","1","2022-06-24","C182512","1.0.0","e64fd517-a92f-47cf-93cc-85a7555ab154"
"1442","1","2022-06-24","C147538","1.0.0","ef7d90ab-8e40-4cde-8831-d616d4f701f1"
"1443","1","2022-06-24","C147537","1.0.0","7ddeae82-1141-4360-ac52-78051406bc6d"
"1444","1","2022-06-24","C135680","1.0.0","39d0e734-6793-4ca8-837b-2b6f4c9f5c77"
"1445","1","2022-06-24","C135679","1.0.0","89c9c132-16da-4187-884a-35e038e8ea7d"
"1446","1","2022-06-24","C135682","1.0.0","ccfd8551-5fae-4660-8474-0c814789b596"
"1447","1","2022-06-24","C135681","1.0.0","cdd77841-df09-46c9-bc2c-2aa2323d2f3b"
"1448","1","2022-06-24","C101809","1.0.0","0198d1f2-45fd-4137-baee-0b372358d610"
"1449","1","2022-06-24","C101810","1.0.0","346413a9-0f01-4126-b081-1d2ba2a42c69"
"1450","1","2022-06-24","C106655","1.0.0","67c3a3ca-6796-4621-a535-34bd93da5a2d"
"1451","1","2022-06-24","C106654","1.0.0","2c1f2c1e-5d7a-4ddf-b790-efbb6a107158"
"1452","1","2022-06-24","C181169","1.0.0","43468004-66f1-42b9-ba0f-895a448fd7e8"
"1453","1","2022-06-24","C124300","1.0.0","32cc72d4-24b8-4e03-a3d7-8dc9d891a8a9"
"1454","1","2022-06-24","C124299","1.0.0","904a4967-d905-4c5e-845f-7b909fe2e39b"
"1455","1","2022-06-24","C124297","1.0.0","18e9f46f-076d-48b8-bcc8-9a3753067009"
"1456","1","2022-06-24","C113852","1.0.0","8ed046bf-6fc9-4d2f-b549-019fc6289376"
"1457","1","2022-06-24","C113851","1.0.0","73a45893-b28c-4eb3-958e-f862eb917b35"
"1458","1","2022-06-24","C113846","1.0.0","7ce37085-b615-4daf-bcc2-bd6ac49bf4aa"
"1459","1","2022-06-24","C113845","1.0.0","5a6c8878-169e-4dbd-b75e-9089308fc0ea"
"1460","1","2022-06-24","C113854","1.0.0","4b028851-b953-4f23-91b0-95237d5b4e46"
"1461","1","2022-06-24","C113853","1.0.0","e4983579-ea18-4c31-9701-8dff654b37d3"
"1462","1","2022-06-24","C125923","1.0.0","9fe0db59-6408-4ef7-a66d-3f50a8e756e7"
"1463","1","2022-06-24","C120983","1.0.0","3c77d769-eb6e-461c-ad40-19d4ea89ed46"
"1464","1","2022-06-24","C120982","1.0.0","5d5bda5e-b2fb-4aad-9fa6-aacf1991e7cf"
"1465","1","2022-06-24","C100162","1.0.0","1928d32d-f6e7-4763-a709-2f2964148c25"
"1466","1","2022-06-24","C100161","1.0.0","7c18fcf6-8825-4df2-a6f7-3962440ac9e0"
"1467","1","2022-06-24","C100164","1.0.0","5d836462-fe52-44c8-9f2d-5b116ca050e4"
"1468","1","2022-06-24","C100163","1.0.0","a05af0c3-2320-43ab-9343-c6f5ea7346f3"
"1469","1","2022-06-24","C161625","1.0.0","2d670c4a-8a3c-4434-b6f4-6bc03a20cdee"
"1470","1","2022-06-24","C161624","1.0.0","00d8a522-40bd-401c-8119-ea81e5f2a01b"
"1471","1","2022-06-24","C100134","1.0.0","2914e099-a0ce-451e-9b5c-462d8310ce2a"
"1472","1","2022-06-24","C100133","1.0.0","fa131764-31ef-4228-8363-ddb5612e74ea"
"1473","1","2022-06-24","C130239","1.0.0","b9f97b4d-41c5-4508-92f4-769b1909bde0"
"1474","1","2022-06-24","C130238","1.0.0","c4f89846-39a8-4970-a160-29d77d63e20a"
"1475","1","2022-06-24","C101842","1.0.0","b020f845-7709-4ce2-91f9-b1819767e82c"
"1476","1","2022-06-24","C101859","1.0.0","b510c3cb-7752-44bf-954f-b89ce0caa73e"
"1477","1","2022-06-24","C101866","1.0.0","18788156-81cf-449f-8c80-1d4279c2129c"
"1478","1","2022-06-24","C119016","1.0.0","a6345bb8-5e5e-4d70-bff6-3d7dbba272d5"
"1479","1","2022-06-24","C119015","1.0.0","0c44edee-e948-4f69-85a8-b44ee860ad0d"
"1480","1","2022-06-24","C119014","1.0.0","ff6891d3-2515-4913-a032-251ab22f8514"
"1481","1","2022-06-24","C101847","1.0.0","4a4f8868-4e26-4953-ae86-fae51caf5a67"
"1482","1","2022-06-24","C101846","1.0.0","1c011dc4-f71b-4a44-861f-00c73eddb1e0"
"1483","1","2022-06-24","C127263","1.0.0","fa51999a-bea0-4c22-ab78-e41c70e1a20c"
"1484","1","2022-06-24","C181171","1.0.0","adffef5f-7c5a-4459-a3d7-1561fbca2689"
"1485","1","2022-06-24","C118971","1.0.0","72b7f67c-3630-4213-943f-95ed6c98b054"
"1486","1","2022-06-24","C111109","1.0.0","c7926699-2213-447e-b0cd-a32f01e734ed"
"1487","1","2022-06-24","C74558","1.0.0","585f2785-9810-442e-9b88-eed3174c9bff"
"1488","1","2022-06-24","C115304","1.0.0","4cd06906-5a49-44f1-9127-0ade514adbed"
"1489","1","2022-06-24","C66797","1.0.0","73a77b57-9f90-474f-8445-121a59a3abb5"
"1490","1","2022-06-24","C124298","1.0.0","1004043e-8631-431f-81b6-a15549091891"
"1491","1","2022-06-24","C100129","1.0.0","7bab4c6c-b386-4a43-8253-557e3d389041"
"1492","1","2022-06-24","C150812","1.0.0","86ce1a1d-6f30-4b79-962a-c3439f6f0aa0"
"1493","1","2022-06-24","C150813","1.0.0","329a7194-cc64-468b-a41a-1e8a89e4ce4b"
"1494","1","2022-06-24","C124678","1.0.0","7593f544-5b1f-4bd0-8b72-f72ea267697a"
"1495","1","2022-06-24","C124677","1.0.0","b33ec773-c275-42be-9c94-8818ddb44389"
"1496","1","2022-06-24","C160925","1.0.0","58abc62f-a59a-4f77-b9c2-b4dd7a964d83"
"1497","1","2022-06-24","C181173","1.0.0","a5a8985a-3e91-486f-a478-022004b49ef3"
"1498","1","2022-06-24","C181174","1.0.0","a77b15d5-a2ca-4dc5-a85d-c1efb4d580f3"
"1499","1","2022-06-24","C181172","1.0.0","87ee8ba9-f4bf-48e3-831b-2457993ee538"
"1500","1","2022-06-24","C120989","1.0.0","4e6659ee-0b14-4fac-a660-a31ddb83d91f"
"1501","1","2022-06-24","C120988","1.0.0","3d004e38-7ab6-49d1-b049-ed14691c9252"
"1502","1","2022-06-24","C154447","1.0.0","2b8758eb-8cf3-47ad-b176-d925c7292f9a"
"1503","1","2022-06-24","C154446","1.0.0","ca180b16-24d5-4d9a-848b-4288b57a7be4"
"1504","1","2022-06-24","C120979","1.0.0","d1f892ec-9912-4aab-86c7-47ece0a91902"
"1505","1","2022-06-24","C120978","1.0.0","f443b141-b0d1-437c-aa43-1a9c578d1d86"
"1506","1","2022-06-24","C120981","1.0.0","c28d19c9-4e32-4ae8-9e5d-88a4f5ea9aaf"
"1507","1","2022-06-24","C120980","1.0.0","81dbc875-15ea-467e-8339-fce4de5eeb73"
"1508","1","2022-06-24","C119066","1.0.0","b34146f4-f07b-49a8-a366-06f5ae3cd4ed"
"1509","1","2022-06-24","C119065","1.0.0","00db8cd2-ef31-430a-a424-1b3bc2851861"
"1510","1","2022-06-24","C119064","1.0.0","e6374cac-c561-4a4f-987b-8280f2617df9"
"1511","1","2022-06-24","C119063","1.0.0","6db4e7ec-42cd-44a6-b4a8-06a79078dc08"
"1512","1","2022-06-24","C101811","1.0.0","77591f09-e03a-4620-956e-d994aa03e65b"
"1513","1","2022-06-24","C101812","1.0.0","efe5b1ea-073e-4fbb-8637-6a143e0f6bc0"
"1514","1","2022-06-24","C135686","1.0.0","008d4dc7-9f78-4916-8d69-316368d3c864"
"1515","1","2022-06-24","C135685","1.0.0","5d794839-7b71-4e49-9e71-876e97c83ce3"
"1516","1","2022-06-24","C101813","1.0.0","0f7d7bc3-38f3-4a6e-b6d4-fbdb9dfaa39c"
"1517","1","2022-06-24","C101814","1.0.0","7c3101f4-9d80-42f3-991c-ce3776239445"
"1518","1","2022-06-24","C187452","1.0.0","b910a8c3-b1b0-4bf4-9af0-011bd375ddb6"
"1519","1","2022-06-24","C187451","1.0.0","8e71b589-f5a8-4c69-bb39-b4845fe5b4d1"
"1520","1","2022-06-24","C177908","1.0.0","5dc6111f-004f-4ee5-a47c-c3191606b306"
"1521","1","2022-06-24","C106659","1.0.0","4cef8d89-5b9c-44d0-a399-2f9a0d6e02dc"
"1522","1","2022-06-24","C106658","1.0.0","fdbf3598-e129-48fc-ad43-87c2ab2fc8f1"
"1523","1","2022-06-24","C100168","1.0.0","f4b67e4a-ca41-459a-a515-a1e5168b0e90"
"1524","1","2022-06-24","C100167","1.0.0","5cfe1f4e-d39d-4a57-9b5a-43d177e42579"
"1525","1","2022-06-24","C105132","1.0.0","515d373a-7acb-4f40-beb0-c67f1d56fc65"
"1526","1","2022-06-24","C105131","1.0.0","9b75cbee-1907-46c4-b853-bb787c378d0c"
"1527","1","2022-06-24","C106661","1.0.0","a5ff02b3-5573-4d1e-b62c-758c53cee91e"
"1528","1","2022-06-24","C106660","1.0.0","b5d42da2-8607-4f95-a159-b90c85de3c51"
"1529","1","2022-06-24","C111336","1.0.0","aeee8c6d-6f01-4c8b-b2f8-2e32d6aa5108"
"1530","1","2022-06-24","C111335","1.0.0","8749df96-d4a0-4177-a951-208e82490f7e"
"1531","1","2022-06-24","C111338","1.0.0","19485ac1-78c6-4cdd-925b-37f4e7ae9d1d"
"1532","1","2022-06-24","C111337","1.0.0","f2cd21d1-9520-4654-bd58-374553caf72c"
"1533","1","2022-06-24","C111340","1.0.0","f7f0a9d1-0547-4b70-824b-1e188b2be954"
"1534","1","2022-06-24","C111339","1.0.0","21f10e87-ca8e-4280-b0f9-b9294069baed"
"1535","1","2022-06-24","C117989","1.0.0","255c1fd1-9c24-431a-9ff4-ecb58159d000"
"1536","1","2022-06-24","C117988","1.0.0","0c2d18ed-6604-441e-a7b3-3e58b060c733"
"1537","1","2022-06-24","C113848","1.0.0","d8a13bb3-b88c-4710-ae0d-c00ecdf55ef3"
"1538","1","2022-06-24","C113847","1.0.0","b84f5eb1-d87c-4881-a76e-0211940d93bf"
"1539","1","2022-06-24","C111342","1.0.0","ffcb7178-dd58-4f91-bf8e-6ab235f349b3"
"1540","1","2022-06-24","C111341","1.0.0","e097de0a-f449-431c-91b4-e8499bd0e49b"
"1541","1","2022-06-24","C103461","1.0.0","f31faa17-06da-490e-90e0-d1307d227a5d"
"1542","1","2022-06-24","C103460","1.0.0","34afd593-d53a-49fb-81b7-9bbc65d5a798"
"1543","1","2022-06-24","C179945","1.0.0","0a80ad73-b283-4452-b77b-53365e01980c"
"1544","1","2022-06-24","C179946","1.0.0","8f5e7dc4-37b1-491c-befa-0ea84056a7ff"
"1545","1","2022-06-24","C179947","1.0.0","585cbc07-01e4-44e7-8279-d1acbef3f0be"
"1546","1","2022-06-24","C179948","1.0.0","2dccd03f-52b2-4d35-8da4-0e774ba28776"
"1547","1","2022-06-24","C179949","1.0.0","b56286a8-273c-4cbd-af91-8b7731a9d619"
"1548","1","2022-06-24","C179950","1.0.0","3514a733-6930-4b99-a295-fae7828b6746"
"1549","1","2022-06-24","C179951","1.0.0","bd80d35f-04cf-4fae-95e3-d374738d39f0"
"1550","1","2022-06-24","C179952","1.0.0","4d731a52-9851-4396-b96f-c126dcb62278"
"1551","1","2022-06-24","C179953","1.0.0","07bef5d5-62a2-4e74-94ed-c5a8c41a024a"
"1552","1","2022-06-24","C179954","1.0.0","00c0c492-c0c8-4b8b-a669-36b2fcf18c7c"
"1553","1","2022-06-24","C132519","1.0.0","0517b731-a60d-49af-a109-567059cf0222"
"1554","1","2022-06-24","C132518","1.0.0","0f9c205c-4266-4eb2-aea2-3cadc6a3c0a0"
"1555","1","2022-06-24","C187681","1.0.0","8227726c-a4e4-4021-a7d8-f4568c65fae6"
"1556","1","2022-06-24","C66727","1.0.0","e8956972-90f9-4554-a90d-3b46c71648df"
"1557","1","2022-06-24","C90018","1.0.0","7af34d32-a49a-4462-9a84-f423167f593b"
"1558","1","2022-06-24","C101838","1.0.0","5624fdd9-7b21-43b4-83a7-7e14267f35e3"
"1559","1","2022-06-24","C101837","1.0.0","2c62c210-a535-4638-8122-6e1a33110ef9"
"1560","1","2022-06-24","C102575","1.0.0","aa453c00-7a24-447e-b417-1dbd77a2d778"
"1561","1","2022-06-24","C127257","1.0.0","7bbc1ebf-f53f-430f-ac2f-ce8e04526681"
"1562","1","2022-06-24","C66785","1.0.0","46b0df54-6491-4369-a224-d609809508af"
"1563","1","2022-06-24","C150766","1.0.0","2b432912-a04e-4c4d-b87a-ba82b639b2f4"
"1564","1","2022-06-24","C150765","1.0.0","66b97296-1c45-4feb-bc0a-505f0c68a936"
"1565","1","2022-06-24","C122007","1.0.0","f7f7f660-c196-44b2-a650-7ea8d416f3e0"
"1566","1","2022-06-24","C122006","1.0.0","6ea2e356-8ad2-4cd1-b062-57d286ed12d7"
"1567","1","2022-06-24","C101843","1.0.0","a9edbdd9-aa2d-4708-8574-91300e403562"
"1568","1","2022-06-24","C101849","1.0.0","e2aa4266-2744-417a-a4da-bfdaa6d626b9"
"1569","1","2022-06-24","C101844","1.0.0","d2fad09e-e042-467d-aad8-ba632550fbc7"
"1570","1","2022-06-24","C119076","1.0.0","d76ef58e-6fe4-4343-b86a-6dd97f04a73a"
"1571","1","2022-06-24","C119075","1.0.0","22c19193-33e5-4c1c-89c9-b2791a09e66c"
"1572","1","2022-06-24","C119018","1.0.0","e41a777e-18e7-4882-a08d-3397cfbd166b"
"1573","1","2022-06-24","C101860","1.0.0","164d8a9e-023a-4f3f-bc03-4909b557caf9"
"1574","1","2022-06-24","C119074","1.0.0","3143fe31-5632-465d-a517-a4ade544fec6"
"1575","1","2022-06-24","C119073","1.0.0","11b9d5cd-114b-4ddf-a9fb-aca3d7ae8cd6"
"1576","1","2022-06-24","C119017","1.0.0","31d02a22-0682-482c-b92d-41bc2770a4dc"
"1577","1","2022-06-24","C101850","1.0.0","f896c013-9fef-4f88-88ae-9487ec88dbdc"
"1578","1","2022-06-24","C156673","1.0.0","296bbdf0-9112-41f0-9062-e6f5b9aaf768"
"1579","1","2022-06-24","C156672","1.0.0","91f0e771-9c88-4863-bc1e-d49caed92dcc"
"1580","1","2022-06-24","C171443","1.0.0","998367b2-80a3-4b4f-96c9-ffb2a1823b5c"
"1581","1","2022-06-24","C171442","1.0.0","b8b6f9aa-7353-4680-acb9-342ad87a6d01"
"1582","1","2022-06-24","C117987","1.0.0","f4438295-d0cd-4caa-b8a4-20b07265f0e0"
"1583","1","2022-06-24","C117986","1.0.0","2fa95c80-0eb1-43a4-8f8f-a250a6a46226"
"1584","1","2022-06-24","C119068","1.0.0","b8ff38ea-d777-4d17-84ff-36cde54f5c84"
"1585","1","2022-06-24","C119067","1.0.0","b4f71a57-5876-443f-ace5-054ba406a10f"
"1586","1","2022-06-24","C176049","1.0.0","68ce0876-2754-4206-8e55-a0240e7330f7"
"1587","1","2022-06-24","C176048","1.0.0","a05b1dc8-21ea-469f-b66b-0117edd85af9"
"1588","1","2022-06-24","C174223","1.0.0","ee75e0cf-f3c2-4ec9-b8e6-57dea4b0c965"
"1589","1","2022-06-24","C174224","1.0.0","e935a943-9c6e-49e9-81a5-7df743405eeb"
"1590","1","2022-06-24","C127264","1.0.0","a97ce62d-e65e-4796-b657-7809ec2159f6"
"1591","1","2022-06-24","C100158","1.0.0","71ecabc3-edf7-462c-a316-c6afa7bc90fa"
"1592","1","2022-06-24","C100157","1.0.0","f58151e4-ceb8-4260-8a4b-e50af7b280ca"
"1593","1","2022-06-24","C141673","1.0.0","6d989112-9053-46a1-9869-587edca8d604"
"1594","1","2022-06-24","C141672","1.0.0","47779ef7-4d6e-4b19-846b-22d8424b4014"
"1595","1","2022-06-24","C119070","1.0.0","7f758aa0-2a05-4409-bbc7-18bdfddc3516"
"1596","1","2022-06-24","C119069","1.0.0","b23e4199-3135-4374-b40f-66b57e0c40eb"
"1597","1","2022-06-24","C111110","1.0.0","f44db8d8-a64d-427e-a030-17fdf35bf643"
"1598","1","2022-06-24","C106480","1.0.0","8ed633c5-3508-453e-8e6a-1c90916b9f2b"
"1599","1","2022-06-24","C106481","1.0.0","52dfc762-d75b-49f9-af1a-889078cad5cb"
"1600","1","2022-06-24","C111111","1.0.0","2bff6952-4f6a-400a-90b7-d777c51966cf"
"1601","1","2022-06-24","C111112","1.0.0","9189d235-1847-4dc1-bb0d-1abf2f62e53a"
"1602","1","2022-06-24","C112037","1.0.0","fb80f438-4eb6-48e8-9d77-25f14fac953a"
"1603","1","2022-06-24","C129938","1.0.0","07e516f1-0f65-439e-b753-58e496a77d46"
"1604","1","2022-06-24","C106483","1.0.0","aa684c12-26c5-4e29-bc0b-e414dff91c00"
"1605","1","2022-06-24","C106482","1.0.0","74d3f09a-132e-4bee-ae9d-28cd9acc6aa6"
"1606","1","2022-06-24","C161621","1.0.0","2a925632-33fd-41d5-b351-b28f751a1848"
"1607","1","2022-06-24","C161620","1.0.0","37a1c65e-fc37-498f-9237-bb8d286bb2f8"
"1608","1","2022-06-24","C163395","1.0.0","54294d71-07b9-424a-a200-881fcf59a13f"
"1609","1","2022-06-24","C163394","1.0.0","32f9d58c-99f9-4aa5-a7c8-3bdacc690511"
"1610","1","2022-06-24","C163397","1.0.0","2a001130-e71a-4446-80a4-7d85a413171a"
"1611","1","2022-06-24","C163396","1.0.0","288650a5-8a4d-481c-9399-79675676af3c"
"1612","1","2022-06-24","C101857","1.0.0","bf7d073c-63f3-4548-902e-51b03624a485"
"1613","1","2022-06-24","C129940","1.0.0","f95c1698-04b5-40dd-b250-f31cddf7378e"
"1614","1","2022-06-24","C129939","1.0.0","aea42b1b-ea9f-4b97-8b3e-74ab8bb5aff5"
"1615","1","2022-06-24","C183549","1.0.0","3f2e41ec-8d62-4905-a624-5b0e3598e6c5"
"1616","1","2022-06-24","C183548","1.0.0","3042c9c6-0239-4247-82a4-ee89c87eb968"
"1617","2","2022-06-24","C66788","2.0.0","afdefc37-e96a-4cb3-a749-92f3bc16fe37"
"1618","1","2022-06-24","C99074","1.0.0","4a1089bc-4efc-4e01-9cbc-91943ebc224b"
"1619","1","2022-06-24","C105130","1.0.0","6e148510-8a9b-4405-b61d-e48111a142bd"
"1620","1","2022-06-24","C105129","1.0.0","d52ba888-b41e-4b70-ba2d-217d7f285394"
"1621","1","2022-06-24","C115402","1.0.0","c4d883bb-effd-44e1-8b6d-6da85e079618"
"1622","1","2022-06-24","C115401","1.0.0","9bb03222-7f26-401d-9c9e-5abf9fb68350"
"1623","1","2022-06-24","C101863","1.0.0","f651396b-f35c-4214-94b8-4ee2470d72fb"
"1624","1","2022-06-24","C102578","1.0.0","2dd535ac-9341-489c-8cc3-d21c169d34f7"
"1625","1","2022-06-24","C127268","1.0.0","b1e5244f-cb19-454d-a4e8-7ad47170302d"
"1626","1","2022-06-24","C112437","1.0.0","a9382e48-d935-4b8d-a711-9bc4d7bf8c2e"
"1627","1","2022-06-24","C112436","1.0.0","20e28a5f-c7b0-463d-9a2d-d09fa22f2bde"
"1628","1","2022-06-24","C78732","1.0.0","ff4413e2-587a-4797-9115-9ce8384abbd1"
"1629","1","2022-06-24","C78731","1.0.0","77fa61c1-5da8-4087-b75f-4c5a8f42a434"
"1630","1","2022-06-24","C102577","1.0.0","ed333027-d940-4088-9964-fe232216ff26"
"1631","1","2022-06-24","C139018","1.0.0","834f0428-568b-4c13-b718-c9f29b675203"
"1632","1","2022-06-24","C139019","1.0.0","ef35d49c-cc73-48d6-90ce-ad38223f8cd0"
"1633","1","2022-06-24","C179943","1.0.0","fd73a74b-6521-4a4d-b25e-63773634c4fd"
"1634","1","2022-06-24","C179944","1.0.0","ad4f0280-9771-4630-af10-791a20f67d7a"
"1635","1","2022-06-24","C101815","1.0.0","a1f88d81-9533-4e95-b7ea-76fd094c13c8"
"1636","1","2022-06-24","C101816","1.0.0","fbc58b66-3da1-4ba4-9404-b81d1fe7ac18"
"1637","1","2022-06-24","C132316","1.0.0","08c0f325-d3f1-411c-a985-62a98670c880"
"1638","1","2022-06-24","C132315","1.0.0","4d4df4f0-619e-4fd1-86c4-222b98860739"
"1639","1","2022-06-24","C90013","1.0.0","af39969b-ec1a-4c32-b98c-dd5bc1b54503"
"1640","1","2022-06-24","C172333","1.0.0","d3179dd7-bd92-4a9b-981a-143f250e681f"
"1641","1","2022-06-24","C71150","1.0.0","de4d2c61-4f65-453a-9a56-da5f90154eb2"
"1642","1","2022-06-24","C184331","1.0.0","d73d89d3-a21e-4dab-ba50-30f1b4897b26"
"1643","1","2022-06-24","C71153","1.0.0","ec8b1679-c65d-4605-b63a-a5c005086bc1"
"1644","1","2022-06-24","C71151","1.0.0","8044f247-4de3-477d-9a49-aa11b615c92c"
"1645","1","2022-06-24","C71152","1.0.0","ada13ae0-aa77-4553-bfd6-a4eb9a253a22"
"1646","1","2022-06-24","C132521","1.0.0","5937405f-c549-4fa4-a5ba-4e5459aa518d"
"1647","1","2022-06-24","C132520","1.0.0","b502fb58-953b-439a-8709-5971cba31072"
"1648","1","2022-06-24","C161627","1.0.0","bcff618b-f947-4cd3-a1d6-2930aee815c8"
"1649","1","2022-06-24","C161626","1.0.0","988b2614-b006-42ad-976e-619c06c2fdf4"
"1650","1","2022-06-24","C150768","1.0.0","308de561-74d9-4bd0-bdae-631f1540bd36"
"1651","1","2022-06-24","C150767","1.0.0","eafae04a-12a4-4567-b319-23cbdc56451f"
"1652","1","2022-06-24","C111108","1.0.0","94481733-22bf-49fb-96ec-a0e66dd517fa"
"1653","1","2022-06-24","C127262","1.0.0","b2b0e206-aecc-44d2-bd77-bbb5ad901ab9"
"1654","1","2022-06-24","C99079","1.0.0","96c35a45-b1d8-4f05-89c9-2e6fbae27ae7"
"1655","1","2022-06-24","C103463","1.0.0","e6c1cd1d-0e72-4442-b2f6-be154bc65929"
"1656","1","2022-06-24","C103462","1.0.0","feea42d6-bea5-4a89-b01a-1519443729ba"
"1657","1","2022-06-24","C66790","1.0.0","c7b8df21-bb4b-4e73-8b55-622555e25324"
"1658","2","2022-06-24","C128690","2.0.0","b0cd4386-df61-4c4b-ba2f-43cb826aa04b"
"1659","1","2022-06-24","C170525","1.0.0","11f85691-0c0f-4f68-b6ea-51009f654981"
"1660","1","2022-06-24","C170524","1.0.0","760acd7e-9944-4ef0-917d-f5158596aa5d"
"1661","1","2022-06-24","C161619","1.0.0","9b8e2370-ce4c-454e-9764-5cbf2cd49b03"
"1662","1","2022-06-24","C161618","1.0.0","7aa33307-45e6-45e0-be75-dd3b324231f1"
"1663","1","2022-06-24","C172400","1.0.0","a367e86d-3e5a-4a97-97df-b0cf40c32513"
"1664","1","2022-06-24","C172399","1.0.0","008f7fd2-8441-4c63-8ec6-131626174986"
"1665","1","2022-06-24","C161617","1.0.0","81a31215-8947-4d43-b71f-d06f82e7fd34"
"1666","1","2022-06-24","C161616","1.0.0","b069eac2-16f8-4bbc-b06c-ea7850f8cff9"
"1667","1","2022-06-24","C101817","1.0.0","00becd58-47b0-407b-89bd-90f22c08a271"
"1668","1","2022-06-24","C101818","1.0.0","aa703389-bc45-425b-9c98-90049e26ee59"
"1669","1","2022-06-24","C100136","1.0.0","53dad778-0f20-41a6-8b0a-9cbe69f48da2"
"1670","1","2022-06-24","C100135","1.0.0","b59965d6-b2e9-41d8-9510-474ba37f9b44"
"1671","1","2022-06-24","C78735","1.0.0","968d762d-bc9a-4f8b-9b7c-ffc5c3160aa0"
"1672","1","2022-06-24","C123653","1.0.0","03a624b4-0446-4a4e-babb-1392aacc68d0"
"1673","1","2022-06-24","C123652","1.0.0","48ee5ece-48ff-46c2-aa1e-912d3b886a45"
"1674","1","2022-06-24","C125745","1.0.0","c11a9d9c-d8e6-42d8-86ce-b22fa6654dc8"
"1675","1","2022-06-24","C125744","1.0.0","9e3a85d0-4e43-4fa4-b702-b963185f4fae"
"1676","1","2022-06-24","C125747","1.0.0","04c1962f-1826-494a-8f6b-96d9cdf87f03"
"1677","1","2022-06-24","C125746","1.0.0","1d920abf-f289-45db-bc5a-3e9095cfedab"
"1678","1","2022-06-24","C115404","1.0.0","3e88bec6-9678-4113-b4bd-7d1d8ceac1c6"
"1679","1","2022-06-24","C115403","1.0.0","a1c87846-fe6c-423c-9092-b949f2e6450b"
"1680","1","2022-06-24","C117991","1.0.0","09bd639b-9f41-439d-bae4-e76ddf9730c9"
"1681","1","2022-06-24","C117990","1.0.0","f104f6b4-012d-4342-a4fa-9feddf083a5e"
"1682","1","2022-06-24","C100154","1.0.0","ece0d4ba-7f00-429d-9370-3260665bf3ab"
"1683","1","2022-06-24","C100153","1.0.0","3e00d8b2-7ba7-462c-8d96-3e6ff94b5e14"
"1684","1","2022-06-24","C113850","1.0.0","5d5c7dbd-b99e-489b-9415-a121cf4c4c07"
"1685","1","2022-06-24","C113849","1.0.0","c6a54289-dc49-45d8-a67a-ab0c7ca64ce0"
"1686","1","2022-06-24","C160926","1.0.0","cc86b26e-f157-4857-9a33-39bc92e9e7af"
"1687","1","2022-06-24","C101832","1.0.0","e2e5426b-3714-4a74-9bf4-aae9b83e380d"
"1688","1","2022-06-24","C101833","1.0.0","a541a22f-f280-4367-b8d7-a905fb52240a"
"1689","1","2022-06-24","C76351","1.0.0","d4e0d143-a77b-45fb-9328-6e3fb4c3105e"
"1690","1","2022-06-24","C124670","1.0.0","2e31d4a3-0042-4e35-8079-ee83c3217f6d"
"1691","1","2022-06-24","C124669","1.0.0","fcd2aa7c-39c9-4e68-9023-892916224fcc"
"1692","1","2022-06-24","C71113","1.0.0","f32b2d0c-0b9e-4462-9b37-cf065fb79fa8"
"1693","1","2022-06-24","C111344","1.0.0","54658f80-75de-4f72-9c43-822e843f1ba8"
"1694","1","2022-06-24","C111343","1.0.0","aa759dff-f427-44dd-ad02-025b0f167dd5"
"1695","1","2022-06-24","C179938","1.0.0","0b1523cf-2b55-4c01-ba02-915da4c6d069"
"1696","1","2022-06-24","C179937","1.0.0","738408de-9614-4544-821f-d82d80cfd3b4"
"1697","1","2022-06-24","C150778","1.0.0","79c8aeab-8a71-49ab-a1f3-e14d359ca97f"
"1698","1","2022-06-24","C150777","1.0.0","abbe18b3-7705-46fa-bfbb-540c9713966e"
"1699","1","2022-06-24","C154453","1.0.0","01943015-5dcb-4cd7-8be5-67e857a12b95"
"1700","1","2022-06-24","C154452","1.0.0","e94ad318-b4f3-4ccd-9d59-27b39a656e32"
"1701","1","2022-06-24","C147540","1.0.0","8b09332c-1cca-4d6c-a3fc-2ff951bce4cb"
"1702","1","2022-06-24","C147539","1.0.0","6478f623-fb9e-4678-ab6e-c8ba43a9d6be"
"1703","1","2022-06-24","C179940","1.0.0","0a369b46-c24d-4c88-be62-27b1e1bda96a"
"1704","1","2022-06-24","C179939","1.0.0","acd327ab-5b11-42fa-a701-df4517eb9185"
"1705","1","2022-06-24","C138221","1.0.0","0fa7a469-7c84-454e-9f87-8d4f9bb877fc"
"1706","1","2022-06-24","C138220","1.0.0","38537688-08ef-45d6-8c4b-01f58a907ff3"
"1707","1","2022-06-24","C129094","1.0.0","1e67ca6c-9679-4d94-8e3f-62766a6fa03d"
"1708","1","2022-06-24","C129093","1.0.0","e2848bf8-6b5a-4992-884a-a2b5b8a8ef93"
"1709","1","2022-06-24","C166184","1.0.0","a311a718-05b7-4d1f-8603-05cb394f3b53"
"1710","1","2022-06-24","C166183","1.0.0","4e60e31a-40f4-43a7-8ade-0ba07538f7cc"
"1711","1","2022-06-24","C150774","1.0.0","a8b5f46f-4676-4619-81f0-4f7e43583339"
"1712","1","2022-06-24","C150773","1.0.0","7b7c074a-db51-44dd-8d88-35d793a2eda3"
"1713","1","2022-06-24","C130255","1.0.0","e6909126-d573-403e-ba21-af5cdd0ce79a"
"1714","1","2022-06-24","C130254","1.0.0","43e71409-6acf-4468-ad00-91d39abb4206"
"1715","1","2022-06-24","C138223","1.0.0","c7da2e23-2068-447a-96d9-e57f94c5afee"
"1716","1","2022-06-24","C138222","1.0.0","2d71cacd-e766-4e3a-84fe-f18a514f18a3"
"1717","1","2022-06-24","C150784","1.0.0","ef92ffcf-c3d9-4aea-a1a2-1f3b0e4ae38e"
"1718","1","2022-06-24","C150783","1.0.0","86f9d525-7784-4ff3-be46-1a24ef61d0ad"
"1719","1","2022-06-24","C130253","1.0.0","14822664-4fc6-4d85-9c95-b2bf3356379a"
"1720","1","2022-06-24","C130252","1.0.0","f8df1d16-23ff-4018-b857-0e11cfe95add"
"1721","1","2022-06-24","C138225","1.0.0","a71a5b55-b739-4815-8261-59bc9fdfc32f"
"1722","1","2022-06-24","C138224","1.0.0","92cdd4a9-4fe6-4669-bc4c-dfc17db55859"
"1723","1","2022-06-24","C150782","1.0.0","93b62e4a-1bc0-4810-a1ed-29c52955b62b"
"1724","1","2022-06-24","C150781","1.0.0","c35c0739-ed63-4eb9-bd5b-469558a07a15"
"1725","1","2022-06-24","C130257","1.0.0","d1242579-5d41-496e-99b8-ba226fd689e6"
"1726","1","2022-06-24","C130256","1.0.0","2aed26fb-7395-4918-97f2-a9b0d8851c69"
"1727","1","2022-06-24","C129096","1.0.0","ebe06623-1aff-4a6d-a7ff-f1c27a935593"
"1728","1","2022-06-24","C129095","1.0.0","342272b6-a214-4f7e-b37b-cbc54cf45775"
"1729","1","2022-06-24","C150776","1.0.0","1c0530cf-9661-4bd5-a0d0-534d5892e804"
"1730","1","2022-06-24","C150775","1.0.0","40f65783-21b0-4bd2-95d4-7f3e72f28f69"
"1731","1","2022-06-24","C150780","1.0.0","84fa1fa6-cc5d-48a2-a19c-999facbd0c2d"
"1732","1","2022-06-24","C150779","1.0.0","eca21b4d-359f-40e7-8ff4-bc37bbabce74"
"1733","1","2022-06-24","C147542","1.0.0","22112ecd-2b6d-4078-956c-e5de4c0748e1"
"1734","1","2022-06-24","C147541","1.0.0","9d9ef42f-6a16-47da-b838-7c3f731e69d7"
"1735","1","2022-06-24","C154451","1.0.0","652c7a7b-0cea-46c1-9577-ca0306b8597f"
"1736","1","2022-06-24","C154450","1.0.0","9999638a-89aa-4b53-a8ee-32aa68e780be"
"1737","1","2022-06-24","C147544","1.0.0","d11f4070-b3af-4826-b847-1ad95ed1c39c"
"1738","1","2022-06-24","C147543","1.0.0","3ec9bc44-5089-46fa-ab7f-995f7a9d955c"
"1739","1","2022-06-24","C129088","1.0.0","aec5f04d-c79b-4704-9165-a0d8765baa58"
"1740","1","2022-06-24","C129087","1.0.0","245dd465-702f-42c6-b270-faf1363b9ed7"
"1741","1","2022-06-24","C183551","1.0.0","5e925625-7748-4763-a03b-a81a075c61c3"
"1742","1","2022-06-24","C183550","1.0.0","ada32337-e1ff-4cc4-95a5-0af49005ab8b"
"1743","1","2022-06-24","C112441","1.0.0","f0990529-e352-4fdd-be8c-7ab8ea7047e6"
"1744","1","2022-06-24","C112440","1.0.0","1b9a54f7-c01f-4e16-a694-b97c22548d33"
"1745","1","2022-06-24","C111346","1.0.0","f18c3441-e0ba-4bf2-94a3-15728916c4c5"
"1746","1","2022-06-24","C111345","1.0.0","ebe4fbd6-f690-4881-9410-542dac159e0e"
"1747","1","2022-06-24","C170523","1.0.0","744a046c-d6d2-4b70-8d92-419debf09119"
"1748","1","2022-06-24","C170522","1.0.0","071b4f18-5693-4c46-b743-2cd6f9d2c082"
"1749","1","2022-06-24","C128682","1.0.0","e1901da9-a533-471f-addd-b0913fe09959"
"1750","1","2022-06-24","C128681","1.0.0","aeddd00c-8ae7-450e-b644-6c473b0a2090"
"1751","1","2022-06-24","C105138","1.0.0","bc01edb1-1ba0-42c6-89ed-ec60220d4b4d"
"1752","1","2022-06-24","C105137","1.0.0","a322798f-d4af-48bf-b124-13140591719f"
"1753","1","2022-06-24","C103467","1.0.0","c3ccde46-295b-4ea1-9237-80da500cae19"
"1754","1","2022-06-24","C103466","1.0.0","9c01964a-2e59-4986-a051-9f613ef61960"
"1755","1","2022-06-24","C163389","1.0.0","f1951f6a-e63d-454a-b519-23735b630402"
"1756","1","2022-06-24","C163388","1.0.0","3a843af4-6a9c-4799-9d6a-fff5f40b12c4"
"1757","1","2022-06-24","C111114","1.0.0","6769c6f1-3389-4103-8056-ac2b66add024"
"1758","1","2022-06-24","C181181","1.0.0","dfc6a973-dad3-4b4f-9d10-926bec3ea14f"
"1759","1","2022-06-24","C181178","1.0.0","1e97d384-bb11-4bc2-a2d9-4b8992374b57"
"1760","1","2022-06-24","C181180","1.0.0","a4841679-dfeb-4086-b779-74ab1c6dba18"
"1761","1","2022-06-24","C181179","1.0.0","4f7149da-0864-4617-9337-572b03fa66b9"
"1762","1","2022-06-24","C181177","1.0.0","b11c57ca-fc9d-43cb-bb44-9e239a4cfc23"
"1763","1","2022-06-24","C181176","1.0.0","90dae055-ed96-482e-919b-035bcd42cef9"
"1764","1","2022-06-24","C106663","1.0.0","99247fe2-6b00-483e-b5a8-8c2d8438de8d"
"1765","1","2022-06-24","C106662","1.0.0","767ecb2b-54a4-48be-b1ac-d984bae60e54"
"1766","1","2022-06-24","C106665","1.0.0","fb61a765-68d1-41e9-9023-914829ce4299"
"1767","1","2022-06-24","C106664","1.0.0","586fa805-b5f2-4936-8aff-924ed4765445"
"1768","1","2022-06-24","C124682","1.0.0","bf862511-3fdd-431a-b51a-6477474c8759"
"1769","1","2022-06-24","C124681","1.0.0","70056897-9581-4595-bb22-7afa7b3019f1"
"1770","1","2022-06-24","C117737","1.0.0","5ea29490-5def-4db2-967a-2036fb736549"
"1771","1","2022-06-24","C182468","1.0.0","41a3b1cc-ef06-4cf4-b994-da948233265b"
"1772","1","2022-06-24","C182506","1.0.0","94af403e-3e67-4724-b0ad-a4261a50e6d2"
"1773","1","2022-06-24","C101819","1.0.0","7f902217-045a-4230-bdb5-94e7700c5b12"
"1774","1","2022-06-24","C101820","1.0.0","ce428a6b-2134-40cb-a178-b3e473ec84dc"
"1775","1","2022-06-24","C100138","1.0.0","20946558-0d8c-44ca-8866-d1b4926b7356"
"1776","1","2022-06-24","C100137","1.0.0","fe211f55-9123-4d4f-a4e7-8bb624c3ae1f"
"1777","1","2022-06-24","C130245","1.0.0","ee90c625-8a08-4a66-8f60-4e0ca1fe640a"
"1778","1","2022-06-24","C130244","1.0.0","2a438195-8e78-4301-abdb-8ad8105bf4bf"
"1779","1","2022-06-24","C130243","1.0.0","1f9e0bd9-6ef5-4636-964e-7bba9616a9f7"
"1780","1","2022-06-24","C130242","1.0.0","c7c64be6-40d5-42cc-9d54-0f92374713a7"
"1781","1","2022-06-24","C130259","1.0.0","d8c8a0bb-8685-44b4-8016-ac1b89bcca9c"
"1782","1","2022-06-24","C130258","1.0.0","1236bf3d-d68c-4e39-aeb8-4842f43b3370"
"1783","1","2022-06-24","C101821","1.0.0","ba250390-afab-4a8b-85f0-0d8854f3558f"
"1784","1","2022-06-24","C101822","1.0.0","245c864c-3a05-4f5e-9f6a-a7b91ff25f3f"
"1785","1","2022-06-24","C138213","1.0.0","67a069a4-0410-46b0-9367-12fbc6ac3f92"
"1786","1","2022-06-24","C138212","1.0.0","03f7d4ca-8bc0-44fa-956a-3e2af1c74ecb"
"1787","1","2022-06-24","C115390","1.0.0","d26bc12e-cf0a-4017-89ad-680b8b254546"
"1788","1","2022-06-24","C115389","1.0.0","a665f74e-21be-4264-b04c-b5bae27dd6b5"
"1789","1","2022-06-24","C106667","1.0.0","47187441-89fa-4fc3-a223-0ecf5093f8c3"
"1790","1","2022-06-24","C106666","1.0.0","f4c72db1-4f7d-4a59-b29d-2dcea4a173f5"
"1791","1","2022-06-24","C132523","1.0.0","0f3bb7dc-621e-4b64-9513-e634335fbf2a"
"1792","1","2022-06-24","C132522","1.0.0","25ff692a-5008-4098-b0bc-5f7832391f62"
"1793","1","2022-06-24","C171444","1.0.0","32ae1ec4-dfa2-4709-a4b3-e7a7a909cd2f"
"1794","1","2022-06-24","C184330","1.0.0","e77aacb9-d966-4cf4-891b-f634cf05a3bd"
"1795","1","2022-06-24","C120522","1.0.0","917f63e0-5a69-4533-abc8-fd7d5a876307"
"1796","1","2022-06-24","C120523","1.0.0","f36b8ca9-b029-41a6-9ec4-612a077019c7"
"1797","1","2022-06-24","C120524","1.0.0","f441c713-b36c-4043-bbd9-7262816f19f6"
"1798","1","2022-06-24","C103469","1.0.0","2641b77b-571d-432a-8fe2-97c0ad2881a9"
"1799","1","2022-06-24","C103468","1.0.0","803074de-9e0b-42d0-ab6a-d9b1a49cc64f"
"1800","1","2022-06-24","C166188","1.0.0","9a68ccd2-24ca-40e7-b13c-54afb2bb9bc3"
"1801","1","2022-06-24","C166187","1.0.0","c229a5c6-3e59-4dd4-beea-7b7a1948ca3e"
"1802","1","2022-06-24","C163393","1.0.0","98f562ac-18b4-4a2e-b4bc-920ad385b0d0"
"1803","1","2022-06-24","C163392","1.0.0","2d6fc997-8a48-4cd9-9817-46d172173e60"
"1804","1","2022-06-24","C120525","1.0.0","6c719884-da05-434f-97a5-eac827ca173e"
"1805","1","2022-06-24","C120526","1.0.0","2ceceacb-0e18-4cf5-a416-43c6a61fbde5"
"1806","1","2022-06-24","C113856","1.0.0","766d6707-9d1a-4d30-b1b0-6ab5b2bcafb5"
"1807","1","2022-06-24","C113855","1.0.0","4377c918-cf76-4371-ad62-7425ddd49ed5"
"1808","1","2022-06-24","C170445","1.0.0","7ff78c57-c5f9-4ef6-a80b-41f17f95dfde"
"1809","1","2022-06-24","C170444","1.0.0","d5fa0763-73d0-49ea-9e99-3d2e16c9d792"
"1810","1","2022-06-24","C103471","1.0.0","c4294ddf-4ba5-421f-86b0-9f0e2f72b9f0"
"1811","1","2022-06-24","C103470","1.0.0","1b77c9ed-ba69-4e51-b3d4-774c32cc1616"
"1812","1","2022-06-24","C141665","1.0.0","b7bcd936-a420-4af5-b6bd-972c61288be3"
"1813","1","2022-06-24","C141664","1.0.0","9e614c23-b64f-4cf6-bdac-5bdd4c2a726f"
"1814","1","2022-06-24","C141671","1.0.0","1f14e96d-8988-431c-acd5-0fcdf8af0505"
"1815","1","2022-06-24","C141670","1.0.0","144c9c58-54de-4ad5-ba25-2f689c4c889b"
"1816","1","2022-06-24","C141669","1.0.0","bfbeb23d-86f4-4cd6-bb9c-6e7d9e50100a"
"1817","1","2022-06-24","C141668","1.0.0","4514adba-3d8c-4129-985e-258f94a10315"
"1818","1","2022-06-24","C141667","1.0.0","94235b8e-79fe-4c72-8877-791d4d33a6f7"
"1819","1","2022-06-24","C141666","1.0.0","50c2f33a-582d-49f1-830f-f055b79f0f0e"
"1820","1","2022-06-24","C182461","1.0.0","f468190a-39d1-4a27-940a-d3d8d883e05e"
"1821","1","2022-06-24","C182462","1.0.0","1539598b-fdea-4dd3-80b5-cf7b957ecfcc"
"1822","1","2022-06-24","C182463","1.0.0","2a743cb2-55dd-4103-bfb8-8f665d52a010"
"1823","1","2022-06-24","C182499","1.0.0","4a72b6fe-0880-4bda-ab02-7795ebf05b81"
"1824","1","2022-06-24","C182500","1.0.0","763f7fa6-eb3e-4409-8bfb-26ae9c2d7a8c"
"1825","1","2022-06-24","C182501","1.0.0","e298b700-3044-42d4-b0c1-1a34a4f26d65"
"1826","1","2022-06-24","C183547","1.0.0","d19b2270-7644-431a-80b9-a72a736d655d"
"1827","1","2022-06-24","C183546","1.0.0","8c9fdb0e-d6f0-41a5-9ee2-bff1bd2e7e51"
"1828","2","2022-06-24","C99076","2.0.0","e0a6d3ea-5cc7-4ab2-933a-e1057b0de3eb"
"1829","2","2022-06-24","C99078","2.0.0","609d5c55-eae1-4149-a793-f54ef80fe196"
"1830","1","2022-06-24","C130247","1.0.0","a978fe2c-96c0-403b-ae94-72f763270f1e"
"1831","1","2022-06-24","C130246","1.0.0","10f0df55-2ec5-4445-a3c7-6dad1a753b54"
"1832","1","2022-06-24","C130261","1.0.0","b33707b1-f439-4684-ab8e-8c3e36050744"
"1833","1","2022-06-24","C130260","1.0.0","04d5ca54-2717-4713-953a-3779366b2000"
"1834","1","2022-06-24","C124684","1.0.0","f1f24ced-42fc-4a00-94f6-04ad60e968e3"
"1835","1","2022-06-24","C124683","1.0.0","64b04cc9-1205-4838-a65f-0d8915316f5b"
"1836","1","2022-06-24","C182469","1.0.0","859c1dd8-033a-49e4-bf91-daf5a0e3b9a3"
"1837","1","2022-06-24","C182507","1.0.0","87729ea0-e066-4656-ba72-4fc10da0ec97"
"1838","1","2022-06-24","C100170","1.0.0","5d009b9a-425e-45c1-97c9-b7f8402aba93"
"1839","1","2022-06-24","C100169","1.0.0","3263672c-1b0f-4b93-beb6-9d7e579d0c7c"
"1840","1","2022-06-24","C170529","1.0.0","81015da4-9746-4c54-85fb-b73a5fbccc18"
"1841","1","2022-06-24","C170528","1.0.0","ff5e9be8-d6cf-4701-a3ea-c7081a50aff5"
"1842","1","2022-06-24","C130251","1.0.0","fcb2dcfa-1d6f-4024-825c-207be92e75df"
"1843","1","2022-06-24","C130250","1.0.0","c7dc9a21-f91c-44db-888a-e17fba4a32e1"
"1844","1","2022-06-24","C101840","1.0.0","2b5c2801-53be-4c93-82d7-2e894f06807c"
"1845","1","2022-06-24","C112439","1.0.0","b0c7522a-b9bf-4ec7-8007-36d7eab0074b"
"1846","1","2022-06-24","C112438","1.0.0","b7f5bb36-d0df-4320-8190-bf8e2fc6d493"
"1847","1","2022-06-24","C182475","1.0.0","bca71ce5-6259-4108-8f34-f77f6cb362a6"
"1848","1","2022-06-24","C182476","1.0.0","2a1a8b5c-a2ff-45cf-809f-35b0d91f7e69"
"1849","1","2022-06-24","C182477","1.0.0","8940dc49-3aaa-40d2-93f7-302b0989e070"
"1850","1","2022-06-24","C182478","1.0.0","f22d065c-d23e-4333-99a9-0bc1bcd566d5"
"1851","1","2022-06-24","C182479","1.0.0","63203bd2-fb35-4166-b325-ff6a6ddfb23e"
"1852","1","2022-06-24","C182480","1.0.0","eb3a0df7-0960-4b8f-9810-5610950e8d33"
"1853","1","2022-06-24","C182481","1.0.0","e356d24a-7229-47f5-8bbc-df544a84ba6f"
"1854","1","2022-06-24","C182482","1.0.0","5588ebaa-7df1-4d77-9d38-391ffa183b6d"
"1855","1","2022-06-24","C182483","1.0.0","9883993d-138e-43c1-b07b-c9396b9e5596"
"1856","1","2022-06-24","C182513","1.0.0","da17d4e6-52e5-478f-9efd-38c67c40c281"
"1857","1","2022-06-24","C182514","1.0.0","727357fd-da2f-429a-92d0-0fb1d413b7ae"
"1858","1","2022-06-24","C182515","1.0.0","6cb80bc1-8931-4d9d-a93f-414717a0a2ad"
"1859","1","2022-06-24","C182516","1.0.0","0cd234eb-ccdb-4cb5-93e4-001670cd7b01"
"1860","1","2022-06-24","C182517","1.0.0","fa8c1a16-70ac-4b93-b094-bd6f7f1a882e"
"1861","1","2022-06-24","C182518","1.0.0","93026118-5948-45af-9e19-3106f924201f"
"1862","1","2022-06-24","C182519","1.0.0","6118130e-02e0-470d-ac85-38c3a07bcaa2"
"1863","1","2022-06-24","C182520","1.0.0","6f1b5dc8-84f8-455d-9776-fb88d7b72f95"
"1864","1","2022-06-24","C182521","1.0.0","06a71d45-f99d-4993-981e-2d827f5f30f4"
"1865","1","2022-06-24","C112443","1.0.0","754ad20b-b2aa-4840-9450-78f2b76c3f75"
"1866","1","2022-06-24","C112442","1.0.0","2e7df16a-6856-4a3d-871d-f999a5b56720"
"1867","1","2022-06-24","C160922","1.0.0","ce014645-e434-4c08-a9f4-024a94a30610"
"1868","1","2022-06-24","C65047","1.0.0","13ad2748-c4bb-4f2c-b063-9484e25941a3"
"1869","1","2022-06-24","C67154","1.0.0","5abf87c6-b3b5-449d-b525-2ee85ab139a1"
"1870","1","2022-06-24","C102580","1.0.0","20e9e306-245c-4fe3-a52e-0ecd5b3defc9"
"1871","1","2022-06-24","C138215","1.0.0","40e9eddf-c88c-4969-ac56-82bcf0346620"
"1872","1","2022-06-24","C138214","1.0.0","a37f2325-67ac-46c7-96de-47e3a1c48bdd"
"1873","1","2022-06-24","C99073","1.0.0","b1cd5120-7ecb-4241-a2d0-45f4a1eacda6"
"1874","1","2022-06-24","C101862","1.0.0","49d0460d-4ba3-42ce-b308-8bf1be1f1007"
"1875","1","2022-06-24","C101867","1.0.0","0dec8756-3f5e-4be7-84bd-48ec09eda3cf"
"1876","1","2022-06-24","C101868","1.0.0","7d14f78d-ef28-4087-afb0-c2f84421722e"
"1877","1","2022-06-24","C101861","1.0.0","91f6bf1e-dd16-4162-84ec-0e31f498c93b"
"1878","1","2022-06-24","C135690","1.0.0","6913ed5e-a332-435c-999b-02a0235dcbe3"
"1879","1","2022-06-24","C135689","1.0.0","d59c686a-a67f-432b-9ec2-211cdd9b2981"
"1880","1","2022-06-24","C101851","1.0.0","49bebe30-847e-480b-870d-4b785d2ea998"
"1881","1","2022-06-24","C154687","1.0.0","49215f5e-8f78-4044-afcc-26aa9d7f5f70"
"1882","1","2022-06-24","C154688","1.0.0","6c2c5263-3ef2-4356-9992-c9089fd3a5e9"
"1883","1","2022-06-24","C132320","1.0.0","1b6e2696-4cc8-44fb-b30e-de644f555a8c"
"1884","1","2022-06-24","C132319","1.0.0","0b7161f7-476c-4ba7-9969-1928fdc9c477"
"1885","1","2022-06-24","C76348","1.0.0","ec6faf9d-de3f-49bf-9aee-4cde460026e7"
"1886","1","2022-06-24","C115406","1.0.0","a64af627-1b5a-4c7a-9670-383367f79f77"
"1887","1","2022-06-24","C115405","1.0.0","52901c59-c119-45b4-a305-ff67f1da2104"
"1888","1","2022-06-24","C101845","1.0.0","aef3924a-b2b5-4f86-b854-e02c544c5281"
"1889","1","2022-06-24","C96777","1.0.0","a4ee5082-2054-46ec-bb62-7b3803dc75f5"
"1890","1","2022-06-24","C124301","1.0.0","84b35897-9c65-4c9d-bf3f-476c3ecee45b"
"1891","1","2022-06-24","C185847","1.0.0","44651dd7-e9c2-4abc-a688-32dd0720e09c"
"1892","1","2022-06-24","C85492","1.0.0","59c4f2f8-5e03-48bc-b48f-1acb2a04f3fb"
"1893","1","2022-06-24","C100152","1.0.0","d1b76be5-af22-42ed-84c8-f5cef4de0bf1"
"1894","1","2022-06-24","C100151","1.0.0","cb163ca2-11b3-468c-ad13-dff8b837dbc0"
"1895","1","2022-06-24","C102581","1.0.0","96c1c153-2722-4466-ac07-d87cfe300975"
"1896","1","2022-06-24","C174225","1.0.0","36004625-3250-4c91-9db5-b33a50b3faef"
"1897","1","2022-06-24","C128688","1.0.0","9cebc678-6acd-4270-ba44-3b39d8959d98"
"1898","1","2022-06-24","C128687","1.0.0","0de4c135-fc35-4559-a7c0-de35b42d65f0"
"1899","1","2022-06-24","C85495","1.0.0","b31f9171-326d-4700-8bf3-8f57ae53d19e"
"1900","1","2022-06-24","C120527","1.0.0","c4a46d82-62d1-49cb-a860-93d5ceb20d6b"
"1901","1","2022-06-24","C120528","1.0.0","6a73fa4f-0eab-4656-86e0-e8e6137e0ad8"
"1902","1","2022-06-24","C85491","1.0.0","f0c1d7ae-0674-4d1b-b8e5-641cdc364dc1"
"1903","1","2022-06-24","C125922","1.0.0","f7a20f2f-a60b-46d9-9bf2-04305dad0c8b"
"1904","1","2022-06-24","C150770","1.0.0","4e4bce5b-51fd-4e64-b15c-4804e132566d"
"1905","1","2022-06-24","C150769","1.0.0","b7bab36e-6492-4228-b4f4-ef2b687fc2eb"
"1906","1","2022-06-24","C100142","1.0.0","f0c143e2-2e06-4ec5-bd38-45d945218782"
"1907","1","2022-06-24","C100141","1.0.0","6e02e191-0372-4ca5-989c-fa7168bfce7d"
"1908","2","2022-06-24","C181165","2.0.0","57fcbf78-0fc1-40ad-a0d2-9cc04e93fff0"
"1909","1","2022-06-24","C127265","1.0.0","47bf1147-b5ba-4b42-9f58-d892c9c78cf3"
"1910","1","2022-06-24","C171445","1.0.0","bc8a0bd2-b3f8-4bc1-b707-a06b40d157bb"
"1911","1","2022-06-24","C120991","1.0.0","0aed2090-8db2-4c13-8b7d-d764c3fdce0f"
"1912","1","2022-06-24","C120990","1.0.0","f667bdcd-8b74-41c0-ae27-4b9df1dbbfb8"
"1913","1","2022-06-24","C113858","1.0.0","48e4c1a3-808f-478a-8ed2-e8381e5420b6"
"1914","1","2022-06-24","C113857","1.0.0","f175b2d3-771f-41f8-ba86-4231a8c3e81e"
"1915","1","2022-06-24","C112445","1.0.0","0100d90e-67da-465f-9af2-64b86d3f63a8"
"1916","1","2022-06-24","C112444","1.0.0","a3d6f362-173e-4d69-9a08-ce21aec39b48"
"1917","1","2022-06-24","C106669","1.0.0","ebca858c-a5d2-4800-ba6c-e122c23eab31"
"1918","1","2022-06-24","C106668","1.0.0","76de52bf-a87d-4824-86b1-d6fe59358c2c"
"1919","1","2022-06-24","C111348","1.0.0","69c379d9-543a-4666-9a18-3579ed5a55bd"
"1920","1","2022-06-24","C111347","1.0.0","ab47ec95-ecdd-4ff0-b399-cc53d7c4f658"
"1921","1","2022-06-24","C100140","1.0.0","89505a0b-a850-4a71-8a0d-3a0b951804bc"
"1922","1","2022-06-24","C100139","1.0.0","8ebc5fb2-fc06-47d7-9ecd-9ad362cfee50"
"1923","1","2022-06-24","C117741","1.0.0","7046a7bd-1c5a-41a2-aed9-d5088044360b"
"1924","1","2022-06-24","C117740","1.0.0","d282824c-0918-4869-bc55-f865ecf2f7e1"
"1925","1","2022-06-24","C113860","1.0.0","496f64b7-ab48-4450-874c-27979b5e4f58"
"1926","1","2022-06-24","C113859","1.0.0","15ca4a64-1794-4c86-9a8a-0c26fbcab4b3"
"1927","1","2022-06-24","C127269","1.0.0","2fcd9053-4077-4d32-af72-7eff7bca07ea"
"1928","1","2022-06-24","C127270","1.0.0","0964b767-5e9e-4c8a-9290-9f020e3c9554"
"1929","1","2022-06-24","C129092","1.0.0","0e1715c0-3a88-487c-beff-cf8c4d555163"
"1930","1","2022-06-24","C129091","1.0.0","8fcbaeea-4075-4543-b356-ddae1c72672a"
"1931","1","2022-06-24","C150786","1.0.0","ae5d439e-4542-4be2-a840-4aa1bf6e5925"
"1932","1","2022-06-24","C150785","1.0.0","8d64b924-f0b8-4008-9409-2592e66a73f5"
"1933","1","2022-06-24","C150788","1.0.0","6b0281c3-b54d-4a39-a9f9-502ee8ab0c4e"
"1934","1","2022-06-24","C150787","1.0.0","1d0310d8-644a-43f4-a910-f4638ddcd6fe"
"1935","1","2022-06-24","C129090","1.0.0","f1489210-a750-408e-875a-1e74fa086e2f"
"1936","1","2022-06-24","C129089","1.0.0","18fc6681-358c-4759-9151-0f8e1facb15b"
"1937","1","2022-06-24","C129098","1.0.0","6f266345-6d73-43ab-9c36-d0eb9c1d4bca"
"1938","1","2022-06-24","C129097","1.0.0","0ed950de-b693-453f-b3b4-d30497d18cc0"
"1939","1","2022-06-24","C171355","1.0.0","45412fc6-fde4-42cc-b2dc-2557c6124a13"
"1940","1","2022-06-24","C171354","1.0.0","4beaa1df-a4fb-4817-a58d-1083fa42e955"
"1941","1","2022-06-24","C112453","1.0.0","46ee96d2-2c8e-4fbc-a422-ea79447e31fc"
"1942","1","2022-06-24","C112452","1.0.0","db5130eb-440a-4002-9889-7c361e6859d4"
"1943","1","2022-06-24","C112455","1.0.0","9a99ad0f-e1c1-4941-8b8b-7e39c631d948"
"1944","1","2022-06-24","C112454","1.0.0","31440e24-ff3f-4df4-9ea2-c03b0a541204"
"1945","1","2022-06-24","C120993","1.0.0","726b2890-1444-4176-9fa9-6d04885d61a1"
"1946","1","2022-06-24","C120992","1.0.0","236396a8-134e-4b68-ae3e-ac046e807094"
"1947","1","2022-06-24","C116104","1.0.0","e9f3ef32-177e-4b3c-a378-4ea6353e5ff6"
"1948","1","2022-06-24","C116103","1.0.0","7454f4f9-9745-42ac-a400-f3b6128ef791"
"1949","1","2022-06-24","C103473","1.0.0","caacb28b-8e81-4c66-ba1a-84cdb427c923"
"1950","1","2022-06-24","C103472","1.0.0","dace78ce-43dd-4766-b2f4-c8f6d095c348"
"1951","1","2022-06-24","C100144","1.0.0","be3838b6-d862-44ba-b950-0e544f545a45"
"1952","1","2022-06-24","C100143","1.0.0","04a71eb7-f597-4c58-a23b-5f07dea2820e"
"1953","1","2022-06-24","C78738","1.0.0","06e8e536-2744-4498-b0f6-3f6f7b3e0e50"
"1954","1","2022-06-24","C101839","1.0.0","aaec8bad-1af6-4d87-a949-8c3a8d1c46f1"
"1955","1","2022-06-24","C115392","1.0.0","4ecb65ce-cd91-4964-8dfd-cf8875afbd3f"
"1956","1","2022-06-24","C115391","1.0.0","6e155c4f-08d5-48c0-a3c4-5e7f6182ff01"
"1957","2","2022-06-24","C66742","2.0.0","c316700d-ee00-4101-8934-c65a1fd2e280"
"1958","1","2022-06-24","C179590","1.0.0","663464e2-3a9f-4eaa-bc5b-ee1ba2f47b17"
"1959","1","2022-06-24","C179591","1.0.0","9dca456f-f631-4aca-a542-be19981006bf"
"1960","1","2022-06-24","C154455","1.0.0","145b9c81-05fa-49f3-ac60-351f95f52c35"
"1961","1","2022-06-24","C154454","1.0.0","f19a3637-6a17-49ae-b9eb-8d6aa51f0496"
"1962","1","2022-06-24","C101855","1.0.0","c3e55441-93f2-4bdf-944d-01d33a033acc"
"1963","1","2022-06-24","C101834","1.0.0","56b11c89-0081-4e73-971b-70766bdff09a"
"1964","1","2022-06-24","C132517","1.0.0","c79d3726-1179-4375-ad2c-a1cb00194d8a"
"1965","1","2022-06-24","C132516","1.0.0","845a5f08-b1a4-4ae4-8597-fdb67f957b35"
"1966","1","2022-06-24","C66789","1.0.0","df18e0a8-9dce-47c7-b312-feb59b8c6cb0"
"1967","1","2022-06-24","C154685","1.0.0","a1a24664-c2a8-4b21-97d1-b2e0b49ef11a"
"1968","1","2022-06-24","C154686","1.0.0","85230e4b-c1c7-4a6f-93bd-0059828e66a7"
"1969","1","2022-06-24","C127258","1.0.0","5dad4f7e-3a55-4062-bab9-905e9e367762"
"1970","2","2022-06-24","C127259","2.0.0","1a2fe440-7887-48b7-989a-a06492167f99"
"1971","1","2022-06-24","C127260","1.0.0","a05f9d7b-05eb-45f6-9da0-b59ed3a82449"
"1972","1","2022-06-24","C127261","1.0.0","23378107-140d-4b2e-9974-6641c3cab6ef"
"1973","1","2022-06-24","C96785","1.0.0","49fb81da-a78f-41b9-8e83-32dbac16165d"
"1974","1","2022-06-24","C96782","1.0.0","197f2d25-a31b-4a2c-9676-9d0f94a14036"
"1975","1","2022-06-24","C96781","1.0.0","24bdaeae-197f-4b21-ae85-3c56e1ed2d54"
"1976","1","2022-06-24","C117743","1.0.0","133e4db1-5a74-4dd8-b252-428b5a7c5aa3"
"1977","1","2022-06-24","C117742","1.0.0","d7e3d560-f588-4dc5-8dd1-84423430dba6"
"1978","1","2022-06-24","C119013","1.0.0","33a2020d-279b-47ad-a6be-2bd72311f916"
"1979","1","2022-06-24","C150811","1.0.0","b90b6422-9bf8-45ef-b9bc-2e94933a9c4d"
"1980","1","2022-06-24","C66768","1.0.0","07ce67a0-49e5-4d85-a254-a44a31591ab5"
"1981","1","2022-06-24","C115394","1.0.0","60973922-bdcf-4e2f-ac36-47c2972ffb18"
"1982","1","2022-06-24","C115393","1.0.0","cbfd1beb-c976-435a-9ee4-17cde85cf622"
"1983","1","2022-06-24","C150772","1.0.0","9b478810-a766-4b62-909f-a3a1b04cfdc0"
"1984","1","2022-06-24","C150771","1.0.0","42a3a43a-0ad1-43e7-a345-4df40e1cd30c"
"1985","1","2022-06-24","C105134","1.0.0","9b96cf35-1103-4c70-9df4-442d8226ffc2"
"1986","1","2022-06-24","C105133","1.0.0","012d7e66-9cb6-4e56-beaf-19eaaf873b79"
"1987","1","2022-06-24","C105136","1.0.0","3ed3be4f-4749-4925-bf34-87b00c7f503e"
"1988","1","2022-06-24","C105135","1.0.0","c8f5ac27-c61d-4cae-85f3-f82d5740512c"
"1989","1","2022-06-24","C179592","1.0.0","800457e7-eb20-4dec-bfa3-1114ae16caf9"
"1990","1","2022-06-24","C179593","1.0.0","75848981-6021-4363-a18a-13c63ebddcf8"
"1991","1","2022-06-24","C112447","1.0.0","7e0228fd-dc2e-42bf-bda2-6d2639f1f446"
"1992","1","2022-06-24","C112446","1.0.0","12045c23-07d2-4213-9ba2-737ae4a6a5d5"
"1993","1","2022-06-24","C135688","1.0.0","04c07505-010c-4341-89cf-835d74603e87"
"1994","1","2022-06-24","C135687","1.0.0","4b650b10-5c07-48f6-8c14-ecbbfaec0086"
"1995","1","2022-06-24","C103483","1.0.0","588db271-beda-496c-bfbb-0de80d997c57"
"1996","1","2022-06-24","C103482","1.0.0","4747054b-ce17-4f66-ab21-f91cd781d20a"
"1997","1","2022-06-24","C157727","1.0.0","fde10114-f7d0-4f5e-8ba8-d72bd2e935b5"
"1998","1","2022-06-24","C157726","1.0.0","98cd9d26-d458-457c-8ec4-282c4c77fa5b"
"1999","1","2022-06-24","C103481","1.0.0","26359478-6797-42ae-bcf3-1e3d40a92a30"
"2000","1","2022-06-24","C103480","1.0.0","39d43c53-5556-4abb-8ca1-81b2c7390626"
"2001","1","2022-06-24","C125749","1.0.0","78853740-9de7-4620-9e91-463fe0b63310"
"2002","1","2022-06-24","C125748","1.0.0","c7217d6c-5ec1-4901-84cb-5702707d18d6"
"2003","1","2022-06-24","C179942","1.0.0","23b34e90-670d-4802-b180-be9064c02f8e"
"2004","1","2022-06-24","C179941","1.0.0","b583bea2-6953-41e9-9564-94f25ac38e0f"
"2005","1","2022-06-24","C147546","1.0.0","87252564-258d-4d91-90b8-c1de9839387e"
"2006","1","2022-06-24","C147545","1.0.0","fc33d9ab-7f44-4bae-8397-12ffd050163e"
"2007","1","2022-06-24","C135696","1.0.0","57787344-94df-4196-aed8-371ec24daa57"
"2008","1","2022-06-24","C135695","1.0.0","5bae7b79-2662-487b-b626-dc42efb1eb91"
"2009","1","2022-06-24","C135698","1.0.0","3408d1a8-307b-41f9-9993-e5b789de83e5"
"2010","1","2022-06-24","C135697","1.0.0","96f35c9f-7517-4d7c-b435-29d039f8845a"
"2011","1","2022-06-24","C135694","1.0.0","53a31da4-942a-4c52-91cc-2d6d75c3712c"
"2012","1","2022-06-24","C135693","1.0.0","26a28da4-b151-4670-9fb4-bd4c2715efa5"
"2013","1","2022-06-24","C138231","1.0.0","76ac9ba8-3516-4f38-8ba8-6f0a089889ef"
"2014","1","2022-06-24","C138230","1.0.0","379cf7c3-10ca-49ba-a8ac-8f6d96ddd5d6"
"2015","1","2022-06-24","C138227","1.0.0","5b3bd2dd-da57-4fab-8fc5-56ad2ac275c6"
"2016","1","2022-06-24","C138226","1.0.0","a13d904f-67af-49f9-bdcb-d54d988639ea"
"2017","1","2022-06-24","C138233","1.0.0","9c120334-cd7f-4280-942b-67dbfb7f0ed1"
"2018","1","2022-06-24","C138232","1.0.0","6edb2e83-4766-4a00-8e7a-ba1b674478d1"
"2019","1","2022-06-24","C138239","1.0.0","11310a81-f352-4873-8e94-8f3f8251c49a"
"2020","1","2022-06-24","C138238","1.0.0","54091d29-27fd-4412-b54c-51e90ab02567"
"2021","1","2022-06-24","C138229","1.0.0","a4072d10-4deb-4562-9590-a1821b6812ab"
"2022","1","2022-06-24","C138228","1.0.0","3992ab9e-27d5-4b10-b014-cd9b98a1a6e0"
"2023","1","2022-06-24","C138235","1.0.0","86a70217-26ee-4939-8a72-b1bb2b09cb73"
"2024","1","2022-06-24","C138234","1.0.0","dcb2fe5f-6c31-43ce-b2e6-7d3d9408546e"
"2025","1","2022-06-24","C138241","1.0.0","87d9be11-834d-4416-8618-722861a3837c"
"2026","1","2022-06-24","C138240","1.0.0","b8924105-c312-4802-bb7e-71492da517a1"
"2027","1","2022-06-24","C138237","1.0.0","b06f0402-859b-4f5e-ba11-4231ae5872f5"
"2028","1","2022-06-24","C138236","1.0.0","0238f8dd-164d-4405-9218-191eaa1f6d3d"
"2029","1","2022-06-24","C138243","1.0.0","80fb6b60-94e3-4371-97c7-820755e8dd0b"
"2030","1","2022-06-24","C138242","1.0.0","9bb4a80a-eb6a-4705-aa3f-1daf2a61fe69"
"2031","1","2022-06-24","C138249","1.0.0","e17d77b9-b809-4d71-99b8-b627c85ec274"
"2032","1","2022-06-24","C138248","1.0.0","d686d453-06fc-414e-ba4b-ec381488b062"
"2033","1","2022-06-24","C138245","1.0.0","7088e122-9f09-4c25-92a2-dcd282aa3351"
"2034","1","2022-06-24","C138244","1.0.0","27cb3ff2-0e9f-4354-b707-a7d862876758"
"2035","1","2022-06-24","C138251","1.0.0","add2d7fc-d33c-4086-bd01-427d77e68a81"
"2036","1","2022-06-24","C138250","1.0.0","b2c53550-6c4f-4f56-a335-c13d817fdf63"
"2037","1","2022-06-24","C138257","1.0.0","88da7235-785e-469f-bf1b-54800a625de8"
"2038","1","2022-06-24","C138256","1.0.0","0dd7845a-510c-4c36-97dd-3cfbb413d39a"
"2039","1","2022-06-24","C138247","1.0.0","35cf9af7-fbd3-484a-bbdf-9d5d83766875"
"2040","1","2022-06-24","C138246","1.0.0","7cf3c06c-773f-48d1-b37d-8403fc83b3b7"
"2041","1","2022-06-24","C138253","1.0.0","5f6f8aea-b000-4356-8b0e-a577cd1873c4"
"2042","1","2022-06-24","C138252","1.0.0","f453f674-c773-4e82-a913-ce97b174352d"
"2043","1","2022-06-24","C138259","1.0.0","0eb39a2c-4d0a-49e1-95c8-cb2bde6f6ec3"
"2044","1","2022-06-24","C138258","1.0.0","ded8a306-63df-490d-86d0-99c1997fc998"
"2045","1","2022-06-24","C138255","1.0.0","300478d0-c9fe-4153-a477-90e295f74bc0"
"2046","1","2022-06-24","C138254","1.0.0","2b2aa947-7c82-4afc-a2c4-28c5bfaa8200"
"2047","1","2022-06-24","C138261","1.0.0","113ea94c-268f-488f-a61c-5b387cf0e838"
"2048","1","2022-06-24","C138260","1.0.0","6570698e-ce12-4265-a098-73ca78f15d32"
"2049","1","2022-06-24","C138217","1.0.0","7fd50289-f29b-4325-8217-489ae6b9bc8a"
"2050","1","2022-06-24","C138216","1.0.0","5644d1ae-67b8-4543-8649-d7b49142533f"
"2051","1","2022-06-24","C138219","1.0.0","7a31e991-fa62-45d8-947f-200451c09103"
"2052","1","2022-06-24","C138218","1.0.0","8ce14887-eaa5-405f-a18a-1aecf34701fe"
"2053","1","2022-06-24","C66726","1.0.0","1111b62f-d263-4d01-90ea-2d26fa9c57e5"
"2054","1","2022-06-24","C95121","1.0.0","67769bcc-a776-4880-a1ae-7a963a8155f9"
"2055","1","2022-06-24","C95120","1.0.0","5a29a776-ce2e-4d01-96c6-2ba90beacdb6"
"2056","1","2022-06-24","C172330","1.0.0","45a747a7-63c1-4b14-a89e-f9d0ee52850b"
"2057","1","2022-06-24","C85493","1.0.0","40ddd261-d5e6-4c91-b162-e14df108baf7"
"2058","1","2022-06-24","C85839","1.0.0","9cb59bc3-9769-45d7-bd39-50a2ed0d19f8"
"2059","1","2022-06-24","C85494","1.0.0","841a6743-5777-41cb-a195-8bdd1bea65df"
"2060","1","2022-06-24","C128685","1.0.0","3666d2d4-976a-49ea-b329-8387e3fcb6f6"
"2061","1","2022-06-24","C128686","1.0.0","823259dd-054f-4652-a688-35831482372c"
"2062","1","2022-06-24","C128684","1.0.0","c74c22bb-990e-4663-b3bd-b2a777ad7e8f"
"2063","1","2022-06-24","C128683","1.0.0","033b6d28-3a35-41c0-84b2-3b468633a33d"
"2064","1","2022-06-24","C99075","1.0.0","5a57727b-c752-4baa-a52c-79c257501522"
"2065","1","2022-06-24","C71148","1.0.0","598c9218-6365-4eb2-896f-03705ff335a1"
"2066","1","2022-06-24","C124686","1.0.0","3d07c537-1a91-4037-91e6-7a35bbc0bdce"
"2067","1","2022-06-24","C124685","1.0.0","28d103a4-114e-40e9-8e54-4254b8e37f9d"
"2068","1","2022-06-24","C102582","1.0.0","997fbf08-d456-4db0-902b-566f7115f98b"
"2069","1","2022-06-24","C101858","1.0.0","464db56b-6332-46a0-bf37-70e653707639"
"2070","1","2022-06-24","C101856","1.0.0","443123be-5d90-4f61-a2e4-2562fbeee746"
"2071","1","2022-06-24","C114118","1.0.0","8c3d345f-3794-4e93-a0a1-8f4c0f0dfeb8"
"2072","1","2022-06-24","C135678","1.0.0","01c6f4ec-1019-4ca5-8da3-854b2c0faf8f"
"2073","1","2022-06-24","C135677","1.0.0","8c0ac4f4-5d7a-4773-be2c-a1af0aee4146"
"2074","1","2022-06-24","C179936","1.0.0","1a040b2d-62f2-4e32-8ce6-bc24d7647059"
"2075","1","2022-06-24","C179935","1.0.0","28429d03-e2b5-45df-bace-c544daabf3b7"
"2076","1","2022-06-24","C170447","1.0.0","ef4cf875-b635-4d8a-bdf3-225b7b00c6f8"
"2077","1","2022-06-24","C170446","1.0.0","7bac35b7-0668-4e55-ae95-93544b9a7ce5"
"2078","1","2022-06-24","C158113","1.0.0","de377651-7176-4f84-9acd-bd65c36ad4a4"
"2079","1","2022-06-24","C130267","1.0.0","10dc8c1b-d779-4d68-9b72-7108e1a1551f"
"2080","1","2022-06-24","C130266","1.0.0","fcbbea9c-e7b5-4459-b1bc-0fa1feb3b0d9"
"2081","1","2022-06-24","C130265","1.0.0","0a5a6af0-2a07-4d8c-abd5-f5ac575d7490"
"2082","1","2022-06-24","C130264","1.0.0","b041d1c9-adb8-4f59-b85a-d3d5d7c93ded"
"2083","1","2022-06-24","C174052","1.0.0","419467ea-bc3e-4188-8ea6-17bb1ac8b818"
"2084","1","2022-06-24","C174051","1.0.0","537f97c3-aae3-44e4-969c-67182f0135a2"
"2085","1","2022-06-24","C130249","1.0.0","e4513bd0-0fc9-4e87-8e3a-188cd628bcd6"
"2086","1","2022-06-24","C130248","1.0.0","9fcd5165-3c06-4ae9-b9da-ab91b8924304"
"2087","1","2022-06-24","C130263","1.0.0","0a4cf1e8-1e10-4254-8c5b-9cf4d89c580a"
"2088","1","2022-06-24","C130262","1.0.0","23a328e5-354e-4c36-9693-42b9baf43f0f"
"2089","1","2022-06-24","C74457","1.0.0","e68798e4-89d4-4cdc-a44a-7f765517a214"
"2090","2","2022-06-24","C128689","2.0.0","cf7d2de3-72b2-4f08-97b4-5b9a74a61a3a"
"2091","1","2022-06-24","C113862","1.0.0","4f8a9474-194d-4516-80f3-8f2ee7fdbd7e"
"2092","1","2022-06-24","C113861","1.0.0","41cc03ee-8248-4591-a379-817b2f6cddb0"
"2093","1","2022-06-24","C135700","1.0.0","502c1574-f651-455e-8531-3160e3456979"
"2094","1","2022-06-24","C135699","1.0.0","ec85febf-9fbc-43d1-b6fd-f947482fd81b"
"2095","1","2022-06-24","C101864","1.0.0","26841d11-db8a-459b-850d-ed47626ae86a"
"2096","1","2022-06-24","C102584","1.0.0","5cbba8b2-b0c9-4af7-90e5-b4248652f71b"
"2097","1","2022-06-24","C102583","1.0.0","e68180ea-1121-4354-b359-e737d537038e"
"2098","1","2022-06-24","C78736","1.0.0","2d12d5f4-9db2-48fd-8166-15953da43b94"
"2099","1","2022-06-24","C66728","1.0.0","b323eb99-7952-4663-b912-1a0e825d5657"
"2100","1","2022-06-24","C100130","1.0.0","b517920b-c467-438c-8023-53b73f70625e"
"2101","1","2022-06-24","C78737","1.0.0","8432b07e-4b7a-464f-846c-6eb4d058da42"
"2102","1","2022-06-24","C106479","1.0.0","0635c52f-afde-406f-bb67-0b83e9090511"
"2103","1","2022-06-24","C106478","1.0.0","75923b3b-37e4-4ad2-9ed9-797abafaa61c"
"2104","1","2022-06-24","C111106","1.0.0","e2f44476-24cb-4432-829e-bd517b8cabaf"
"2105","1","2022-06-24","C111107","1.0.0","9651d255-1e9d-4808-bb7b-ef32fb79f3c4"
"2106","1","2022-06-24","C177910","1.0.0","cd98ea24-cc01-4968-b78a-01654df32776"
"2107","1","2022-06-24","C179588","1.0.0","1803e06a-0c44-47b3-8103-ad925a7be90d"
"2108","1","2022-06-24","C103465","1.0.0","621b52f8-a182-434b-8c4a-dd7d3bb7fcc3"
"2109","1","2022-06-24","C103464","1.0.0","8824f3dc-9157-4ae1-887d-27040c3cea9c"
"2110","1","2022-06-24","C123655","1.0.0","001ffd20-0bad-4a3c-8e8a-0f78f15dbf25"
"2111","1","2022-06-24","C123654","1.0.0","4002eb1b-c176-449e-936e-d08c42104b7d"
"2112","1","2022-06-24","C124672","1.0.0","1281d7e1-408c-4a02-9a23-2475b67e511b"
"2113","1","2022-06-24","C124671","1.0.0","33c807a1-0e66-433c-8212-62cd10843027"
"2114","1","2022-06-24","C171409","1.0.0","8bb5340a-e87a-4810-9065-7971aeec5012"
"2115","1","2022-06-24","C171408","1.0.0","5fba7c0f-a7b2-4f22-812c-72806b4b107c"
"2116","1","2022-06-24","C171413","1.0.0","ad8a17fc-dc49-4eb6-a230-ed4b9141fd3d"
"2117","1","2022-06-24","C171412","1.0.0","32010be9-d04e-483e-8ef3-367b608b1328"
"2118","1","2022-06-24","C141659","1.0.0","a290a0b3-1ced-4cf1-b3eb-c3dffaf461c9"
"2119","1","2022-06-24","C141658","1.0.0","8c032757-f2fe-449d-a9b7-f805d491780a"
"2120","1","2022-06-24","C101848","1.0.0","e1c6413d-748f-48d3-a600-357fa11dd233"
"2121","1","2022-06-24","C119072","1.0.0","fd0f808e-4fef-40f0-ac8e-64290576c941"
"2122","1","2022-06-24","C119071","1.0.0","4d2a13f9-5b0f-4027-aeac-df981dce01e9"
"2123","1","2022-06-24","C166190","1.0.0","f172c700-7bf5-42ed-a928-b2a6b1754018"
"2124","1","2022-06-24","C166189","1.0.0","36f7aa97-9f28-478d-8f29-598b860a7958"
"2125","1","2022-06-24","C100166","1.0.0","37aa4d19-61d1-4d19-9421-839ce41f91d4"
"2126","1","2022-06-24","C100165","1.0.0","4dc4d8d6-1960-42a6-9933-643a8397c7b7"
"2127","1","2022-06-24","C66729","1.0.0","6036de6a-d631-458c-b720-9d905c46c2fe"
"2128","1","2022-06-24","C115408","1.0.0","993d2e89-b2bc-4dfe-b917-3459a4da6b05"
"2129","1","2022-06-24","C115407","1.0.0","c6d1a26e-a4a2-4932-842e-a05bbe236727"
"2130","1","2022-06-24","C124302","1.0.0","58ca4463-c987-4f23-a833-877a1c771c24"
"2131","1","2022-06-24","C124303","1.0.0","1d2f4091-81b5-4ce0-8d92-87c382233ab0"
"2132","1","2022-06-24","C100160","1.0.0","c5fe82c5-ce48-44c0-9654-9db2018600ff"
"2133","1","2022-06-24","C100159","1.0.0","d2009930-a358-47c8-bad5-e84efe1d8555"
"2134","1","2022-06-24","C116108","1.0.0","06f332c2-7b0c-4c31-9359-eb545d7527b7"
"2135","1","2022-06-24","C116107","1.0.0","8ca7d1c2-db36-434f-9c2c-8257c0a58a8f"
"2136","1","2022-06-24","C66734","1.0.0","aa7e7bf2-bffe-47fb-aff1-e3fdf218cc97"
"2137","1","2022-06-24","C160924","1.0.0","4a5febaa-bb1a-4a81-91f9-8d72b756e0ef"
"2138","1","2022-06-24","C132263","1.0.0","c4e5a687-6248-4ae5-abec-7d1b836907ea"
"2139","1","2022-06-24","C132262","1.0.0","ebaa3ca6-4659-4498-b223-5f0edc24d9ff"
"2140","1","2022-06-24","C160923","1.0.0","a855292a-9567-4ebf-b37c-49be54626619"
"2141","1","2022-06-24","C165643","1.0.0","19ba80c0-da98-4d6e-86d1-6d2473f2c35b"
"2142","1","2022-06-24","C66769","1.0.0","defff29c-40bb-4196-b16f-6627a1a319d9"
"2143","1","2022-06-24","C66731","1.0.0","fbce2855-a768-426e-878f-7a1c4538ef01"
"2144","1","2022-06-24","C66732","1.0.0","6bbb0a84-4fc3-4a6f-aa9f-c6f5ad3f9208"
"2145","1","2022-06-24","C185740","1.0.0","7a220d99-eb30-475f-82c2-90806a59ed46"
"2146","1","2022-06-24","C185739","1.0.0","36c147fc-115e-4988-bcb0-99894598817d"
"2147","1","2022-06-24","C185742","1.0.0","fd2d7763-0855-4c84-b42b-42b4ce09f15c"
"2148","1","2022-06-24","C185741","1.0.0","33e90838-b773-43f6-87ca-8e93b49092fd"
"2149","1","2022-06-24","C111350","1.0.0","8e5c5fb4-e1c8-4c2a-b064-718a6fea9703"
"2150","1","2022-06-24","C111349","1.0.0","8aa9b11c-a576-4136-b3f7-d49a8bce74b4"
"2151","1","2022-06-24","C177710","1.0.0","103f36eb-5665-49ee-9634-e8487f11ab60"
"2152","1","2022-06-24","C177709","1.0.0","f14de31a-6521-441d-b9dc-16e2fac093f3"
"2153","1","2022-06-24","C177712","1.0.0","31b900c7-9038-4ade-80a6-7ea1c6170d7a"
"2154","1","2022-06-24","C177711","1.0.0","f5004077-7811-4cbb-97fa-299413ab3af3"
"2155","1","2022-06-24","C177714","1.0.0","3d509e1d-7acf-4aaf-b6e4-3a0ec8e3bad2"
"2156","1","2022-06-24","C177713","1.0.0","e37fff1d-f52c-4cbd-976b-25b4db20430c"
"2157","1","2022-06-24","C177718","1.0.0","780883be-b78b-4765-b417-dafc109ee9bf"
"2158","1","2022-06-24","C177717","1.0.0","26f67947-3b55-40ff-ad42-59ea9397c93f"
"2159","1","2022-06-24","C177716","1.0.0","baedb2a6-d006-44b0-8c58-71709bc3f14a"
"2160","1","2022-06-24","C177715","1.0.0","7a9d3877-7055-45a5-bd48-254dd6904e31"
"2161","1","2022-06-24","C177720","1.0.0","2faa6ab3-29c7-4bab-a374-c91931f2dbf5"
"2162","1","2022-06-24","C177719","1.0.0","56982e8f-d527-4603-b8ef-e3eff5856aad"
"2163","1","2022-06-24","C177706","1.0.0","702525df-9d22-42bc-b018-705b73938022"
"2164","1","2022-06-24","C177705","1.0.0","281d1898-7a41-47de-8591-b2d056a29239"
"2165","1","2022-06-24","C177708","1.0.0","509ed43f-b5c1-47c4-ab4c-c488107bb748"
"2166","1","2022-06-24","C177707","1.0.0","e2050ba0-a6e2-457d-b401-ba2037063f3d"
"2167","1","2022-06-24","C170527","1.0.0","5fe01ecb-6f17-495e-9fb9-3f84007d36de"
"2168","1","2022-06-24","C170526","1.0.0","20d0a92a-36c0-4234-ad7f-a80c00393a0b"
"2169","1","2022-06-24","C100156","1.0.0","1214930a-a281-4db6-ade9-e6d0f1141221"
"2170","1","2022-06-24","C100155","1.0.0","7d4ebd02-9cf1-40ed-aaff-ce993df2e9b8"
"2171","1","2022-06-24","C176051","1.0.0","adceb8dc-befa-4b09-aeb9-9f59e3bc4f7f"
"2172","1","2022-06-24","C176050","1.0.0","648e52e4-d7fa-49a6-a66a-b3ee84f9cccb"
"2173","1","2022-06-24","C66733","1.0.0","c7446081-e8bc-4904-a640-c1b1ebabea88"
"2174","1","2022-06-24","C112024","1.0.0","fba2166b-50f7-4272-8efc-6496b898cbd6"
"2175","1","2022-06-24","C112023","1.0.0","20a159e3-06bd-4bad-b256-7323144ce4dd"
"2176","1","2022-06-24","C74561","1.0.0","c1fc79e1-0f9e-4b37-a6fd-6ea941bbdb94"
"2177","1","2022-06-24","C102587","1.0.0","4a5d032b-c48d-4ba9-82ca-347a26cf69ae"
"2178","1","2022-06-24","C132314","1.0.0","bf9056e1-e1f6-4e35-a220-c3fd996c3e8b"
"2179","1","2022-06-24","C78733","1.0.0","dcf1f2c1-6ef0-4ca0-b25a-a4c59d1c065c"
"2180","1","2022-06-24","C78734","1.0.0","5f62fd31-47a1-4bbe-bb01-e64d0c0a75d3"
"2181","1","2022-06-24","C106671","1.0.0","c3af6204-518b-4066-ad35-022a2bef8129"
"2182","1","2022-06-24","C106670","1.0.0","c4b61b93-d858-439f-9299-441c2fc4805d"
"2183","1","2022-06-24","C112449","1.0.0","360b0754-38aa-4ea3-bd56-e0c5216dc756"
"2184","1","2022-06-24","C112448","1.0.0","a74fd8e2-95bd-46f7-8d5c-4b13c15af957"
"2185","1","2022-06-24","C112451","1.0.0","47abc24c-8ef1-4331-8fbe-a383ba25f593"
"2186","1","2022-06-24","C112450","1.0.0","fd12034a-4ea3-44ab-87c0-76aa44b3b965"
"2187","1","2022-06-24","C187462","1.0.0","e11a1dee-1d09-4b4f-bd45-7f4b68806ac3"
"2188","1","2022-06-24","C187463","1.0.0","1d600429-bd13-4477-b4b8-676479d54791"
"2189","1","2022-06-24","C187454","1.0.0","eb16d838-95ef-4a5c-a131-a0b0227d8c80"
"2190","1","2022-06-24","C187453","1.0.0","8c5748df-176a-4ef4-bb31-d6624f036319"
"2191","1","2022-06-24","C119080","1.0.0","d2d30b31-bdb4-44e5-8410-34e5a83cf0b2"
"2192","1","2022-06-24","C119079","1.0.0","2b3362dd-d476-4883-8d7a-a876119d9162"
"2193","1","2022-06-24","C119020","1.0.0","76b04ce3-7e89-48f5-8411-e069b91d369b"
"2194","1","2022-06-24","C119019","1.0.0","9fb068c3-6c07-4818-9dce-364896658492"
"2195","2","2022-06-24","C99077","2.0.0","197629f5-b1cb-4bf1-b004-f2a71a0a7a36"
"2196","1","2022-06-24","C170443","1.0.0","d7f1bb33-dc49-44b7-879a-1abee52bfe0a"
"2197","1","2022-06-24","C74559","1.0.0","99d4bc99-2c1c-4d78-b330-079d26c86c43"
"2198","1","2022-06-24","C103330","1.0.0","b68b0908-c44c-4bc2-976a-7cce4df6e344"
"2199","1","2022-06-24","C124304","1.0.0","728dc1de-61b8-418f-9735-970a8a0b28be"
"2200","1","2022-06-24","C124305","1.0.0","bceef6ae-641c-434c-aa45-5479ce446916"
"2201","1","2022-06-24","C124306","1.0.0","0d8da175-cfec-48b8-887a-b7f745f72233"
"2202","1","2022-06-24","C101828","1.0.0","b572be59-08da-4576-9d7d-6b6859cc004c"
"2203","1","2022-06-24","C101829","1.0.0","8be9cb35-80f4-4f18-bc54-f66df083584c"
"2204","1","2022-06-24","C101852","1.0.0","aa9c6e5e-4fd7-4430-8560-15b9c4d6ebde"
"2205","1","2022-06-24","C150790","1.0.0","c2796b97-b954-4b6a-a980-0eade58553cc"
"2206","1","2022-06-24","C150789","1.0.0","6a3b02af-a407-4f17-9b52-7e0182d27505"
"2207","1","2022-06-24","C150792","1.0.0","b39fc146-4d16-49bf-8897-69d30b1ae0c3"
"2208","1","2022-06-24","C150791","1.0.0","71b02612-fca0-4634-9a7a-7e5c5e88dde1"
"2209","1","2022-06-24","C102579","1.0.0","040ecde3-0871-479e-99e4-fa81637aa793"
"2210","1","2022-06-24","C115396","1.0.0","d81f22f3-8b59-4bec-9317-308ce10c8130"
"2211","1","2022-06-24","C115395","1.0.0","cd40e836-1a83-473d-9cda-ba64307f34e0"
"2212","1","2022-06-24","C103485","1.0.0","cf0a44c1-70f4-4a10-841c-066f94c6eac0"
"2213","1","2022-06-24","C103484","1.0.0","bf5d7148-43ff-42db-bbc7-62462f44568b"
"2214","1","2022-06-24","C154457","1.0.0","1004ee3e-e190-4557-a590-4c9f588f8aad"
"2215","1","2022-06-24","C154456","1.0.0","bfa57dc6-d378-4fff-ad06-1ddf3b8715d5"
"2216","1","2022-06-24","C124662","1.0.0","6d95ce45-5044-4562-b0e9-7145a47a993e"
"2217","1","2022-06-24","C124661","1.0.0","3ad37e09-a5e8-405a-9af4-9f77c48ba334"
"2218","1","2022-06-24","C124664","1.0.0","db10131f-a0b4-4827-bfe9-2d281450277f"
"2219","1","2022-06-24","C124663","1.0.0","61d4fa95-c3c3-4e22-ad5b-f697ea366e9e"
"2220","1","2022-06-24","C181175","1.0.0","682b1f39-2967-4846-ab01-1cfdc91c200b"
"2221","1","2022-06-24","C179589","1.0.0","d46ff274-e949-467b-9bc0-a51c563e7fbc"
"2222","1","2022-06-24","C181170","1.0.0","dc39e064-55da-458e-9ee3-107590334151"
"2223","1","2022-06-24","C120987","1.0.0","fb58a2b6-307f-4648-8726-1606baa23876"
"2224","1","2022-06-24","C120986","1.0.0","26a38505-f2bb-47a0-a5fe-dc98e195694f"
"2225","1","2022-06-24","C127352","1.0.0","6828713b-1d67-49a1-a235-2d739dfb9db5"
"2226","1","2022-06-24","C127351","1.0.0","539e590b-41d2-4e3b-bdf2-a8cb0ab0863a"
"2227","1","2022-06-24","C127350","1.0.0","683d4595-6415-450a-b8c9-cf88d7e05fb4"
"2228","1","2022-06-24","C127349","1.0.0","ab2f07f3-8abe-4047-a892-a404ee025635"
"2229","1","2022-06-24","C127354","1.0.0","467d2bdc-57f1-4665-8d45-16e8042d4c6b"
"2230","1","2022-06-24","C127353","1.0.0","1313e65b-1c30-4e66-a2d3-34e470ddeadd"
"2231","1","2022-06-24","C127358","1.0.0","f8a6931e-fca7-4326-8fba-ce89b4eacd2b"
"2232","1","2022-06-24","C127357","1.0.0","a89dacf4-f7ce-47f8-ab19-4b1ad6708c2b"
"2233","1","2022-06-24","C163391","1.0.0","486e05d6-c0b8-460a-a6f9-b04b58ebf72d"
"2234","1","2022-06-24","C163390","1.0.0","ca38f8ca-8619-4f78-91c0-b5cc3ccfc9f0"
"2235","1","2022-06-24","C127356","1.0.0","6e9e68ef-0de1-445d-9a1e-f3f02457adf4"
"2236","1","2022-06-24","C127355","1.0.0","a2f66175-a4d4-4396-99ad-791407a35c07"
"2237","1","2022-06-24","C103479","1.0.0","85099212-fa46-42ac-854a-0293af2e9d10"
"2238","1","2022-06-24","C103478","1.0.0","f70f0fae-673f-429a-8fc9-119954011120"
"2239","1","2022-06-24","C103475","1.0.0","433b7be3-83e0-43c1-a63b-72882f041b42"
"2240","1","2022-06-24","C103474","1.0.0","1254a7a5-99e9-4dae-bb10-77d18dc30d1b"
"2241","1","2022-06-24","C103477","1.0.0","90627046-b902-4b7e-bd6c-70c51ae2a6a0"
"2242","1","2022-06-24","C103476","1.0.0","366cdfe3-ec37-44ce-89f2-257c53005fea"
"2243","1","2022-06-24","C127360","1.0.0","5724c740-250a-4727-8ef7-35d7f9d119a6"
"2244","1","2022-06-24","C127359","1.0.0","341fd56d-eaf3-4255-9eaf-035724774ef5"
"2245","1","2022-06-24","C135692","1.0.0","e9d2f671-4d95-4b02-abfb-a480931c5ef6"
"2246","1","2022-06-24","C135691","1.0.0","1f911bcd-28f3-417c-b3b6-a657f1c7e722"
"2247","1","2022-06-24","C101823","1.0.0","262dfe51-69cd-49b4-af36-36db5bd12a73"
"2248","1","2022-06-24","C101824","1.0.0","6b23f98c-7358-4989-bc49-caa54a9363fe"
"2249","1","2022-06-24","C101884","1.0.0","25ad587c-cfc1-4363-a645-dd1bacd019b8"
"2250","1","2022-06-24","C101825","1.0.0","e081b054-d976-4208-b68e-0aea3e754eb8"
"2251","1","2022-06-24","C100174","1.0.0","798d0f66-c9c6-4c5b-90dc-e721f59aed39"
"2252","1","2022-06-24","C100173","1.0.0","8ff56a12-7b7f-4ee8-873a-8b9aec659b92"
"2253","1","2022-06-24","C101826","1.0.0","775292c5-7885-499a-ad65-5f5befa9784c"
"2254","1","2022-06-24","C101827","1.0.0","460859fb-7116-452b-b32b-74cb0b9ce2e9"
"2255","1","2022-06-24","C166186","1.0.0","3b0af953-00a7-4f47-ae74-472cf260c6b5"
"2256","1","2022-06-24","C166185","1.0.0","a96e4468-e6f7-4eaf-a06b-272457533d0e"
"2257","1","2022-06-24","C115398","1.0.0","8c78c247-3ff2-497f-bc99-c37445e43241"
"2258","1","2022-06-24","C115397","1.0.0","cc4a7b73-aa4e-45c5-a2e8-a56182dec5b0"
"2259","1","2022-06-24","C115400","1.0.0","a09cafc1-cf25-480d-8ee5-c5f5b320f9c0"
"2260","1","2022-06-24","C115399","1.0.0","7860b32f-62a2-4dc7-bc8d-0bed8bdd5454"
"2261","1","2022-06-24","C101841","1.0.0","ecfa1e35-04a0-475d-a8d0-e9fc8c4204ee"
"2262","1","2022-06-24","C124688","1.0.0","4ae062d4-3501-46b0-9f59-3062add91912"
"2263","1","2022-06-24","C124687","1.0.0","c5177a10-2975-4bd7-a1c8-054bf3994858"
"2264","1","2022-06-24","C106657","1.0.0","25c97ac9-ce3f-4983-9e68-d5793865e440"
"2265","1","2022-06-24","C106656","1.0.0","38b2bb06-bccf-46f7-b2ff-39070d66b8a6"
"2266","1","2022-06-24","C147548","1.0.0","84b27eb1-431c-4946-bbee-9aa8bce24de3"
"2267","1","2022-06-24","C147547","1.0.0","c7cf5478-f9d1-4ec1-92b1-137d0f6a02f3"
"2268","1","2022-06-24","C147550","1.0.0","9a360fe9-786c-4c68-bb14-6e051b833f95"
"2269","1","2022-06-24","C147549","1.0.0","b826cfc3-9088-46dd-b4d0-c3a463d419f0"
"2270","1","2022-06-24","C124307","1.0.0","2892dbda-1165-49e9-8c90-7669c2febf87"
"2271","1","2022-06-24","C132525","1.0.0","97a31b69-cf1f-4bfb-a51b-b52a665fae09"
"2272","1","2022-06-24","C132524","1.0.0","570afd6c-3ec7-4aab-8b60-944667b017d0"
"2273","1","2022-06-24","C124308","1.0.0","a1811db1-7075-41db-a44f-eecc5a2cda06"
"2274","1","2022-06-24","C66735","1.0.0","0ed6343a-2188-46dd-8004-7a45aec197c5"
"2275","2","2022-06-24","C66736","2.0.0","c21fc098-859d-4142-8036-b0e9877152b2"
"2276","2","2022-06-24","C66737","2.0.0","3aaa7ee6-20fe-4557-927e-0103b5b01e97"
"2277","1","2022-06-24","C66738","1.0.0","761cb318-ccc2-447e-b958-f31ec3d7a9bc"
"2278","1","2022-06-24","C67152","1.0.0","03ee7b5c-1ffd-40ae-b7f2-8425aa908708"
"2279","2","2022-06-24","C66739","2.0.0","ed60fff2-50bb-42e0-9f6b-e947c7d7f299"
"2280","1","2022-06-24","C127266","1.0.0","48c38f3b-e081-4939-9f70-ac4adba338bd"
"2281","1","2022-06-24","C127267","1.0.0","a4d00045-0eeb-4e6d-9a22-6e0678348628"
"2282","1","2022-06-24","C96784","1.0.0","bb0e5ca8-74bf-4ae9-bf1c-f5e0f6da1cb2"
"2283","1","2022-06-24","C96783","1.0.0","486a4ebf-c081-400f-9f3c-3eb8956c9beb"
"2284","1","2022-06-24","C123650","1.0.0","b97aad96-9b03-4513-abf0-82a759fb99ea"
"2285","1","2022-06-24","C96779","1.0.0","0fcd77c8-eb06-46f4-9360-e02bd7a525aa"
"2286","1","2022-06-24","C96778","1.0.0","8f82ee3d-fa9e-4f23-b9e3-b25fbc576663"
"2287","1","2022-06-24","C124309","1.0.0","6983fdf0-e2ef-4792-837e-c9a38c8a9a76"
"2288","1","2022-06-24","C163027","1.0.0","8a3ff155-2a7f-4433-9d8d-d84c2721e5ec"
"2289","1","2022-06-24","C163028","1.0.0","8c564823-71d0-4241-acf2-da75a1567842"
"2290","1","2022-06-24","C154449","1.0.0","f112509e-7ae2-4576-875d-8d344b58dcde"
"2291","1","2022-06-24","C154448","1.0.0","c179bd12-6159-46c1-a93e-c570c9b2ab12"
"2292","1","2022-06-24","C100148","1.0.0","85a97c59-ac10-4cdf-81d8-b65eba0026ed"
"2293","1","2022-06-24","C100147","1.0.0","0db60157-e3d8-4411-9277-8c5e2f0692d9"
"2294","1","2022-06-24","C71620","1.0.0","0260d0f5-c314-4a26-b3db-ae0c3adc2df9"
"2295","1","2022-06-24","C66770","1.0.0","d9d69a1d-81cb-4fc4-b527-f4b8219b29b4"
"2296","1","2022-06-24","C103489","1.0.0","6176eaf3-1417-40f4-bafa-48bef4274dd7"
"2297","1","2022-06-24","C103488","1.0.0","8715454f-8e1d-455e-a995-0b82e6e20315"
"2298","1","2022-06-24","C129942","1.0.0","b19205c2-5979-4bf1-ac78-16afbf0ce2c1"
"2299","1","2022-06-24","C129941","1.0.0","b6e1ca98-aa47-458c-ac9a-9e51ce80bae7"
"2300","1","2022-06-24","C102590","1.0.0","e0139c10-7e79-4069-bfd6-5731a9ef08d0"
"2301","1","2022-06-24","C142187","1.0.0","5d368ff2-847f-42ed-9fb4-6e7254ae122b"
"2302","1","2022-06-24","C142189","1.0.0","29ec9996-3676-47c7-974c-1037bd92f445"
"2303","1","2022-06-24","C141653","1.0.0","60066548-78d6-4bf1-90ff-177b50af0912"
"2304","1","2022-06-24","C141652","1.0.0","b776b203-5777-4d8d-ad79-6f9250fdc32c"
"2305","1","2022-06-24","C130241","1.0.0","189103a1-2489-4617-899f-938dd4785684"
"2306","1","2022-06-24","C130240","1.0.0","d6e2e16d-6223-485b-954b-172b45973047"
"2307","1","2022-06-24","C66741","1.0.0","5fd173dd-ce6c-4410-a149-0235a6f41879"
"2308","1","2022-06-24","C67153","1.0.0","6299dfb3-10cc-4d99-a139-5c1b6f60e61f"
"2309","1","2022-06-24","C117746","1.0.0","daab0e3e-8625-45e0-abee-ebd6b7c47fab"
"2310","1","2022-06-24","C124680","1.0.0","988c6694-f9bb-474b-b2c2-94c2a78a3872"
"2311","1","2022-06-24","C124679","1.0.0","8cdc5e51-141d-4468-bc23-b2250b9208da"
"2312","1","2022-06-24","C124674","1.0.0","a07168b8-3849-4fe7-a72e-65b22b9c6789"
"2313","1","2022-06-24","C124673","1.0.0","62b4e850-3908-44b5-b408-d779ed850e77"
"2314","1","2022-06-24","C124676","1.0.0","82ba18a7-f9a4-4bd7-9d6d-a9286613da65"
"2315","1","2022-06-24","C124675","1.0.0","a548f3b7-e8c1-4b0a-ad4b-a9cd5b9327a2"
"2316","1","2022-06-24","C100176","1.0.0","9d2eb907-71d9-4608-b12b-25ab91bd476a"
"2317","1","2022-06-24","C100175","1.0.0","7dbafcf4-f3f6-443c-a586-a596e35889ee"
"2318","1","2022-06-24","C130281","1.0.0","8509229e-f996-4320-bdc0-459f462243d3"
"2319","1","2022-06-24","C130280","1.0.0","d9e2ca22-882f-4563-aabb-e2ec7274e731"
"2320","1","2022-06-24","C130275","1.0.0","5e390ded-0bde-4270-b63e-9ce72f9f323c"
"2321","1","2022-06-24","C130274","1.0.0","0c0af6d8-d069-4438-aeec-fb1dc6ae6c82"
"2322","1","2022-06-24","C130277","1.0.0","07e53658-19b1-4d7d-8626-1fac5c9df1a0"
"2323","1","2022-06-24","C130276","1.0.0","77656e3f-4a8e-44b9-afcf-b113630b002b"
"2324","1","2022-06-24","C130279","1.0.0","cce234fc-d074-446c-952b-57eb713f1ca5"
"2325","1","2022-06-24","C130278","1.0.0","a81ebb47-aeb0-4f7c-8fa9-70f854b3b45e"
"2326","1","2022-06-24","C130269","1.0.0","44f5b340-19eb-4829-8c08-f8e256ddbc84"
"2327","1","2022-06-24","C130268","1.0.0","95713209-a9e4-47d2-b407-c6be0531538a"
"2328","1","2022-06-24","C130271","1.0.0","cd21ec7d-1bf4-4473-a1c3-e33e30742fa4"
"2329","1","2022-06-24","C130270","1.0.0","82a06684-1be7-4ccd-a73b-c2cb4a871f50"
"2330","1","2022-06-24","C130273","1.0.0","170e0d02-8e6e-4d1e-9ca4-fa778972c4d9"
"2331","1","2022-06-24","C130272","1.0.0","159f497e-711d-496c-8455-fd667abbffa6"
"2332","1","2022-06-24","SEND CT","1.0.0","a97d0dec-29ff-4f21-b6b0-2fc840c43a6e"
"2333","1","2022-06-24","C158118","1.0.0","0ec9e4ac-e2aa-4fb4-9d37-54c9373d2c0c"
"2334","2","2022-06-24","C66781","2.0.0","d0d2d89d-6e40-4599-963e-f32c537e24eb"
"2335","2","2022-06-24","C74456","2.0.0","d0d1a0b5-4107-4316-979b-07c849501d04"
"2336","1","2022-06-24","C158119","1.0.0","ece3acfc-903e-4de5-a130-610a9720403a"
"2337","1","2022-06-24","C160927","1.0.0","fbb11083-c430-409e-906d-fe3ed530305c"
"2338","1","2022-06-24","C88026","1.0.0","377f6b84-6e98-4115-b912-3320d58bf5db"
"2339","1","2022-06-24","C89960","1.0.0","18ccb9cc-091b-47c9-bff2-d5919dfa6fb6"
"2340","1","2022-06-24","C89959","1.0.0","e11605c2-37b5-456b-9c43-d892b981647f"
"2341","1","2022-06-24","C89962","1.0.0","ed59d9cb-409a-4d7c-a10d-fb12c2e90e30"
"2342","1","2022-06-24","C89961","1.0.0","5ffeadd7-148b-443a-8ec0-cbfbdf5e20ea"
"2343","1","2022-06-24","C89963","1.0.0","54382da3-b1ca-4a6a-bb76-a4af55f2b23c"
"2344","1","2022-06-24","C177911","1.0.0","ab435776-ff63-4cb8-906a-b412f02ba2ec"
"2345","1","2022-06-24","C158120","1.0.0","e27de7bf-321e-436f-846b-64067c51e8cb"
"2346","1","2022-06-24","C158116","1.0.0","dc4c07e2-1770-4d85-904e-94d7f701d8ef"
"2347","1","2022-06-24","C158117","1.0.0","c3951fcc-2766-4617-9a93-8461fb73e2d3"
"2348","1","2022-06-24","C160930","1.0.0","003c3b4f-f39e-4e32-bd8c-66b08d60cdba"
"2349","1","2022-06-24","C120529","1.0.0","0853c06a-0ec2-4dbb-aa6a-f0be68636aaa"
"2350","2","2022-06-24","C90018","2.0.0","375c340d-8cd9-4fb1-9c8c-c117478d2ff7"
"2351","1","2022-06-24","C66786","1.0.0","f3710533-bf63-438d-827f-b04270e6e9d6"
"2352","1","2022-06-24","C89966","1.0.0","cdae03b7-7434-4862-a7bf-8e1d066be354"
"2353","1","2022-06-24","C89965","1.0.0","d56637d9-2b10-4d40-861c-2d8fc47d5d8b"
"2354","2","2022-06-24","C99074","2.0.0","605282e1-e1c7-48f8-9bbf-e1c71431c1e2"
"2355","1","2022-06-24","C120530","1.0.0","524a9ced-c9c1-455e-9427-b2164ab8f5b4"
"2356","2","2022-06-24","C90013","2.0.0","93b11f7f-8870-4da0-a553-f0ae830141eb"
"2357","2","2022-06-24","C71150","2.0.0","ef8b09a6-0efb-48d4-a3ac-3ec76a0ebbc9"
"2358","2","2022-06-24","C71153","2.0.0","c52d7b0d-6d4a-499b-bd55-8c417e1dce64"
"2359","2","2022-06-24","C71151","2.0.0","11ea8fc9-a700-4512-aef1-ef55044fe423"
"2360","2","2022-06-24","C71152","2.0.0","b20988c9-ec8b-4f70-8338-856a1728cbe3"
"2361","1","2022-06-24","C160929","1.0.0","d99e08c0-08ce-4ddc-b550-3cfe4c5d3fb2"
"2362","1","2022-06-24","C124311","1.0.0","50297493-19cc-4e0a-ab25-83e6af18792c"
"2363","1","2022-06-24","C124312","1.0.0","11eb11ec-25ae-4e5f-83e2-b70537e32f08"
"2364","1","2022-06-24","C124310","1.0.0","7c5ef572-7bd4-46d2-9fac-885cb8847df5"
"2365","1","2022-06-24","C124313","1.0.0","c0fb0405-d8b6-4a0f-9126-7a5c30287147"
"2366","1","2022-06-24","C124314","1.0.0","050955e1-fdee-42dc-96ab-6681e4c0d7ca"
"2367","1","2022-06-24","C124315","1.0.0","a9b4c6d9-3266-4256-bc1a-015cab93db20"
"2368","1","2022-06-24","C89970","1.0.0","47ed62c1-9c38-446d-a2f0-7807b6dad7f4"
"2369","1","2022-06-24","C89969","1.0.0","e9420f5f-bd98-4eb4-90a6-7fed5a094286"
"2370","2","2022-06-24","C71113","2.0.0","7c8c95b7-a0d5-413b-8135-9954962516e7"
"2371","1","2022-06-24","C160931","1.0.0","fb50f122-9757-44f4-a8f3-4f0d0191897b"
"2372","1","2022-06-24","C124317","1.0.0","b7514fc3-7e2c-4c41-b891-392ec1e3a25b"
"2373","1","2022-06-24","C124316","1.0.0","9edd9d29-dbea-4277-8064-ad814ce781e0"
"2374","1","2022-06-24","C124318","1.0.0","f9d47d72-9b0b-40e1-be56-85388299210a"
"2375","1","2022-06-24","C124319","1.0.0","233314f0-645a-4c95-a0ad-faeee40bdf1d"
"2376","1","2022-06-24","C163029","1.0.0","86ca88af-5cc2-4e9d-9fd4-fff21b61bc2b"
"2377","2","2022-06-24","C65047","2.0.0","20444cab-43b7-4d3a-913e-938f50638f62"
"2378","2","2022-06-24","C67154","2.0.0","c024d1b6-2e6f-4525-9ef9-34cc7183e833"
"2379","2","2022-06-24","C99073","2.0.0","6249c489-99eb-44e2-86d1-6b223e0b6adf"
"2380","1","2022-06-24","C89972","1.0.0","716a4846-d9b3-4231-bc5b-ae21a954f0e1"
"2381","1","2022-06-24","C89971","1.0.0","c0d39d64-bb8d-49b4-8e5b-730265dc9c9b"
"2382","1","2022-06-24","C89975","1.0.0","3052f9c7-06e7-4c7c-b30c-a764f8b6dab6"
"2383","1","2022-06-24","C90017","1.0.0","8ab958df-1d32-4ccf-ab3c-560dfbb87673"
"2384","1","2022-06-24","C185848","1.0.0","2c1b8154-4ddd-49bd-a0d6-c991d9ca7195"
"2385","1","2022-06-24","C176226","1.0.0","c6b714bd-dd77-4a1b-b13c-706d6ee919eb"
"2386","1","2022-06-24","C88025","1.0.0","06c59df4-e8e8-4b9f-8085-4dc219805bfc"
"2387","1","2022-06-24","C90004","1.0.0","d199a528-7475-4f59-8bd7-fc8bb4953ecd"
"2388","3","2022-06-24","C66742","3.0.0","d8aa74de-8be0-43c7-ac7f-f90c4e6c3be0"
"2389","1","2022-06-24","C120531","1.0.0","256890e0-aacc-4bec-967f-3b387ab56c96"
"2390","1","2022-06-24","C124320","1.0.0","eedc6542-e36e-4e06-9e0a-6a263c238a04"
"2391","1","2022-06-24","C124321","1.0.0","b0fdbe3a-3252-47fc-a2a9-e62667415c82"
"2392","2","2022-06-24","C66789","2.0.0","45376c7e-fcfe-4c18-935b-168ca5255f21"
"2393","1","2022-06-24","C150810","1.0.0","f23c2d2f-11af-4e76-b5ea-bbcc847d8393"
"2394","1","2022-06-24","C89977","1.0.0","d60b1ad0-a109-4a8c-b02e-e2f8f96afc1f"
"2395","1","2022-06-24","C89976","1.0.0","b41b8a6b-ba76-4ec1-8690-405617cde878"
"2396","2","2022-06-24","C66726","2.0.0","df3a9dd1-a534-4704-81ac-cad87a4ba0c1"
"2397","2","2022-06-24","C95121","2.0.0","dd299136-bc13-4199-8482-b0017cefd306"
"2398","2","2022-06-24","C95120","2.0.0","72021cbe-0146-4bb6-9328-47585d0c5c7f"
"2399","2","2022-06-24","C85493","2.0.0","cb4eab04-c362-4691-abb4-3fb6c1728acf"
"2400","2","2022-06-24","C85839","2.0.0","b5eaac8e-4725-4cc5-89ca-c04b24167b1c"
"2401","2","2022-06-24","C85494","2.0.0","08c030d8-3ae2-4421-acef-9ef3863ed10b"
"2402","2","2022-06-24","C128685","2.0.0","de6c4545-245c-49d5-9cbb-723896716a07"
"2403","2","2022-06-24","C128686","2.0.0","14e101b0-2d43-4f86-9ee6-01b0dd96a8b1"
"2404","2","2022-06-24","C128684","2.0.0","d6670873-c343-47fd-a3ec-6681e4f241ed"
"2405","2","2022-06-24","C128683","2.0.0","7f7b5083-d969-4090-9a17-663587e5ae62"
"2406","1","2022-06-24","C154684","1.0.0","d23cd609-198c-4b84-b954-fe74b5830071"
"2407","2","2022-06-24","C99075","2.0.0","34feb36f-5b4e-49e6-bd06-63f5d413613b"
"2408","2","2022-06-24","C71148","2.0.0","94a412e5-a079-4a6a-8330-0051904cd59f"
"2409","1","2022-06-24","C124323","1.0.0","2abdae3d-50d4-4b1d-a04c-c749c0927ef2"
"2410","1","2022-06-24","C124322","1.0.0","f8237111-b153-46ed-be0a-b6ec211dc7f0"
"2411","1","2022-06-24","C124324","1.0.0","78c2af2d-8ea9-4d91-a387-3144ec43f884"
"2412","1","2022-06-24","C124325","1.0.0","231448d7-4b96-4187-b3ca-5b5306659ab3"
"2413","1","2022-06-24","C158121","1.0.0","454364d7-da4f-488a-8e5e-df374ba173cd"
"2414","1","2022-06-24","C158122","1.0.0","f4f1c3ea-cd48-4ec1-bbf2-0def2695713e"
"2415","1","2022-06-24","C160928","1.0.0","91b231d7-a2a8-4b0d-8c4b-44944d8cf424"
"2416","2","2022-06-24","C78737","2.0.0","10de93e9-281d-4fdd-bf33-a4e0c9a14183"
"2417","1","2022-06-24","C158123","1.0.0","7271deb0-dca8-4ccc-93f8-6dd290e08c51"
"2418","2","2022-06-24","C66729","2.0.0","b3b00f55-45f0-4d92-983c-2b78634bf526"
"2419","1","2022-06-24","C120532","1.0.0","9a13fa13-7ef0-4e5b-9c7e-4fec49ef7a6c"
"2420","1","2022-06-24","C120533","1.0.0","92733af2-234f-4776-acc1-87ac009fd14c"
"2421","1","2022-06-24","C184332","1.0.0","56da8f91-9d91-4da4-a4b7-b2575be9a656"
"2422","1","2022-06-24","C111113","1.0.0","5c54bcd1-6b0c-4f84-90d4-1d480e5ff8f9"
"2423","1","2022-06-24","C90012","1.0.0","7ed8a459-5bdc-4d89-a9dd-5b91c398cd21"
"2424","1","2022-06-24","C185849","1.0.0","a68199ee-a2ba-4067-86ed-022d12e237f6"
"2425","1","2022-06-24","C89982","1.0.0","e400b6fa-ecaf-45ee-a469-dd42f2968c77"
"2426","1","2022-06-24","C163030","1.0.0","9b49dd49-1cb7-46cc-90fb-5dfb2191435f"
"2427","1","2022-06-24","C163031","1.0.0","1da1290c-f126-4490-a160-eef77bcd98e1"
"2428","1","2022-06-24","C89974","1.0.0","2d4bf953-bc59-4ed5-a3ae-d39b2f3b68b4"
"2429","1","2022-06-24","C89973","1.0.0","c1f9d306-6bf0-47ef-af88-7f1440f60eaa"
"2430","1","2022-06-24","C120534","1.0.0","8925ab85-6981-4954-940d-ff9971bcf7ea"
"2431","1","2022-06-24","C120535","1.0.0","a13dc919-1f2f-4078-a755-5bd4083c410e"
"2432","1","2022-06-24","C90000","1.0.0","33744b42-058f-47f2-a51e-80646061badd"
"2433","1","2022-06-24","C90003","1.0.0","bba53ac9-2e9a-4f94-9937-e1b69af0eb18"
"2434","1","2022-06-24","C89981","1.0.0","c66efeab-7728-4d18-bf3f-87b1db360a72"
"2435","1","2022-06-24","C89980","1.0.0","762bc128-b1c5-456f-bf3f-573bab04a063"
"2436","1","2022-06-24","C90009","1.0.0","30e3e03d-5997-40a3-a620-914391fb39e6"
"2437","1","2022-06-24","C90007","1.0.0","ca05b70b-96d5-4f0b-8855-78669f320c1e"
"2438","1","2022-06-24","C120536","1.0.0","d3609072-5311-4cf8-bd78-6b99ea78c9f7"
"2439","1","2022-06-24","C120537","1.0.0","be57167e-da80-4f90-87d1-8dce81d8e1d6"
"2440","2","2022-06-24","C66731","2.0.0","31cd508d-23c8-40e9-9e62-6d672ec62802"
"2441","2","2022-06-24","C66732","2.0.0","aa1a7108-f1fd-4eea-bc73-a0f9e169dd87"
"2442","1","2022-06-24","C158124","1.0.0","0beaf6a6-3499-4d53-a4b5-573c181a56c4"
"2443","1","2022-06-24","C77808","1.0.0","14ae3744-c2ae-44b5-98d5-d42945ed3712"
"2444","1","2022-06-24","C77529","1.0.0","27a26998-68b9-4715-a42d-e3d70e55b5ee"
"2445","1","2022-06-24","C89968","1.0.0","ca3bb876-602e-455c-bab6-3b9661fa6e8a"
"2446","1","2022-06-24","C77530","1.0.0","84d39621-8686-42a4-b08c-70b2542d7fe0"
"2447","1","2022-06-24","C90002","1.0.0","17239a55-6031-477a-b706-cdd328484103"
"2448","1","2022-06-24","C89967","1.0.0","788127e8-4f98-49cf-ad60-2ae17082dcdb"
"2449","1","2022-06-24","C158125","1.0.0","0ef76bd6-650f-4a31-a0e0-c5e76c3b5112"
"2450","1","2022-06-24","C181166","1.0.0","2eb4050c-503e-4ba0-9b83-9ec64d855b9e"
"2451","1","2022-06-24","C90006","1.0.0","6448d185-06dc-45b6-b30c-b6b85428bcab"
"2452","1","2022-06-24","C90005","1.0.0","b70f34d0-8247-4f46-b94c-fbf169cc76e0"
"2453","2","2022-06-24","C71620","2.0.0","8586cc48-d534-4dde-be35-4dfb2fb240e3"
"2454","2","2022-06-24","C66770","2.0.0","8e7e69c1-d6da-40de-b396-f023d8929099"
"2455","2","2022-06-24","C66741","2.0.0","51584bfc-4ec2-469f-8acf-db184df5d2d9"
"2456","2","2022-06-24","C67153","2.0.0","c93d61e6-5422-4405-9734-7f69e6ae6b67"
"2457","1","2022-06-24","C132321","1.0.0","8ba25974-dd12-4f21-9ae3-c3b110453ae1"
"2458","2","2022-09-01","CT","2.0.0","db39b5cc-4132-4ac1-8e21-e4ad9e3340be"
"2459","1","2022-09-01","TEST-CODES CT","1.0.0","0b341bd0-898d-4e09-a14b-563cbefcc4b6"
"2460","1","2022-09-01","D000001","1.0.0","50c2127f-0494-4d48-8d5c-3fa89c942e9b"
