":START_ID",":END_ID"
"5","60316"
"6","60317"
"7","60318"
"8","60319"
"9","60320"
"10","60321"
"11","60322"
"12","60323"
"13","60324"
"14","60325"
"15","60326"
"16","60327"
"17","60328"
"18","60329"
"19","60330"
"20","60331"
"21","60332"
"22","60333"
"23","60334"
"23","60335"
"23","60336"
"24","60337"
"25","60338"
"26","60339"
"26","60340"
"27","60341"
"28","60342"
"28","60343"
"28","60344"
"29","60345"
"29","60346"
"30","60347"
"30","60348"
"31","60349"
"31","60350"
"31","60351"
"31","60352"
"32","60353"
"32","60354"
"32","60355"
"33","60356"
"34","60357"
"34","60358"
"34","60359"
"35","60360"
"35","60361"
"35","60362"
"36","60363"
"36","60364"
"36","60365"
"37","60366"
"37","60367"
"37","60368"
"37","60369"
"38","60370"
"38","60371"
"38","60372"
"39","60373"
"39","60374"
"39","60375"
"39","60376"
"40","60377"
"40","60378"
"40","60379"
"40","60380"
"41","60381"
"41","60382"
"41","60383"
"41","60384"
"42","60385"
"42","60386"
"42","60387"
"42","60388"
"43","60389"
"43","60390"
"43","60391"
"44","60392"
"44","60393"
"44","60394"
"44","60395"
"44","60396"
"45","60397"
"46","60398"
"46","60399"
"46","60400"
"47","60401"
"47","60402"
"47","60403"
"47","60404"
"48","60405"
"48","60406"
"48","60407"
"49","60408"
"49","60409"
"49","60410"
"50","60411"
"50","60412"
"50","60413"
"51","60414"
"51","60415"
"51","60416"
"51","60417"
"52","60418"
"52","60419"
"53","60420"
"53","60421"
"53","60422"
"53","60423"
"54","60424"
"54","60425"
"54","60426"
"54","60427"
"55","60428"
"55","60429"
"55","60430"
"55","60431"
"56","60432"
"56","60433"
"56","60434"
"57","60435"
"57","60436"
"57","60437"
"57","60438"
"57","60439"
"58","60440"
"58","60441"
"59","60442"
"59","60443"
"59","60444"
"59","60445"
"60","60446"
"60","60447"
"60","60448"
"60","60449"
"61","60450"
"61","60451"
"61","60452"
"61","60453"
"62","60454"
"62","60455"
"62","60456"
"62","60457"
"63","60458"
"63","60459"
"63","60460"
"63","60461"
"63","60462"
"64","60463"
"64","60464"
"64","60465"
"64","60466"
"65","60467"
"65","60468"
"65","60469"
"66","60470"
"66","60471"
"66","60472"
"66","60473"
"66","60474"
"66","60475"
"67","60476"
"67","60477"
"67","60478"
"67","60479"
"67","60480"
"68","60481"
"68","60482"
"68","60483"
"69","60484"
"69","60485"
"69","60486"
"69","60487"
"69","60488"
"70","60489"
"70","60490"
"70","60491"
"70","60492"
"70","60493"
"71","60494"
"71","60495"
"71","60496"
"71","60497"
"71","60498"
"71","60499"
"71","60500"
"72","60501"
"72","60502"
"72","60503"
"72","60504"
"72","60505"
"72","60506"
"73","60507"
"73","60508"
"73","60509"
"73","60510"
"73","60511"
"74","60512"
"74","60513"
"74","60514"
"74","60515"
"74","60516"
"75","60517"
"75","60518"
"75","60519"
"75","60520"
"75","60521"
"76","60522"
"76","60523"
"76","60524"
"76","60525"
"76","60526"
"76","60527"
"76","60528"
"77","60529"
"77","60530"
"77","60531"
"78","60532"
"78","60533"
"78","60534"
"78","60535"
"78","60536"
"79","60537"
"80","60538"
"80","60539"
"80","60540"
"80","60541"
"80","60542"
"80","60543"
"81","60544"
